station,known_group,date,temp_c,precip_mm
Bangkok,Tropical,1991-01-01,28.45,1.24
Bangkok,Tropical,1991-02-01,29.3,9.52
Bangkok,Tropical,1991-03-01,31.46,17.67
Bangkok,Tropical,1991-04-01,31.01,55.8
Bangkok,Tropical,1991-05-01,29.49,135.16
Bangkok,Tropical,1991-06-01,28.54,101.4
Bangkok,Tropical,1991-07-01,28.2,136.09
Bangkok,Tropical,1991-08-01,27.59,147.87
Bangkok,Tropical,1991-09-01,27.31,259.2
Bangkok,Tropical,1991-10-01,26.14,172.67
Bangkok,Tropical,1991-11-01,24.62,13.8
Bangkok,Tropical,1991-12-01,25.17,14.26
Bangkok,Tropical,1992-01-01,25.74,6.2
Bangkok,Tropical,1992-02-01,28.46,8.99
Bangkok,Tropical,1992-03-01,30.76,4.65
Bangkok,Tropical,1992-04-01,32.75,18.9
Bangkok,Tropical,1992-05-01,30.66,82.77
Bangkok,Tropical,1992-06-01,28.93,126.3
Bangkok,Tropical,1992-07-01,28.42,190.96
Bangkok,Tropical,1992-08-01,26.99,187.55
Bangkok,Tropical,1992-09-01,27.15,183.0
Bangkok,Tropical,1992-10-01,25.85,262.57
Bangkok,Tropical,1992-11-01,24.07,0.9
Bangkok,Tropical,1992-12-01,25.43,12.4
Bangkok,Tropical,1993-01-01,26.64,6.82
Bangkok,Tropical,1993-02-01,27.95,0.84
Bangkok,Tropical,1993-03-01,29.72,53.94
Bangkok,Tropical,1993-04-01,30.37,59.1
Bangkok,Tropical,1993-05-01,29.89,133.61
Bangkok,Tropical,1993-06-01,28.99,107.7
Bangkok,Tropical,1993-07-01,28.46,117.8
Bangkok,Tropical,1993-08-01,27.42,211.11
Bangkok,Tropical,1993-09-01,27.11,255.3
Bangkok,Tropical,1993-10-01,26.55,178.56
Bangkok,Tropical,1993-11-01,25.54,3.0
Bangkok,Tropical,1993-12-01,24.15,2.79
Bangkok,Tropical,1994-01-01,27.74,2.17
Bangkok,Tropical,1994-02-01,30.21,2.24
Bangkok,Tropical,1994-03-01,29.52,74.4
Bangkok,Tropical,1994-04-01,30.5,64.5
Bangkok,Tropical,1994-05-01,29.07,235.91
Bangkok,Tropical,1994-06-01,27.33,225.3
Bangkok,Tropical,1994-07-01,27.1,87.73
Bangkok,Tropical,1994-08-01,26.98,159.96
Bangkok,Tropical,1994-09-01,26.82,258.3
Bangkok,Tropical,1994-10-01,25.56,123.69
Bangkok,Tropical,1994-11-01,25.43,3.0
Bangkok,Tropical,1994-12-01,26.42,9.3
Bangkok,Tropical,1995-01-01,27.12,6.82
Bangkok,Tropical,1995-02-01,28.3,1.68
Bangkok,Tropical,1995-03-01,30.59,24.18
Bangkok,Tropical,1995-04-01,31.47,30.9
Bangkok,Tropical,1995-05-01,29.1,151.9
Bangkok,Tropical,1995-06-01,28.37,120.3
Bangkok,Tropical,1995-07-01,27.49,170.5
Bangkok,Tropical,1995-08-01,27.22,292.95
Bangkok,Tropical,1995-09-01,27.09,405.3
Bangkok,Tropical,1995-10-01,26.55,161.82
Bangkok,Tropical,1995-11-01,25.11,20.7
Bangkok,Tropical,1995-12-01,23.24,0.93
Bangkok,Tropical,1996-01-01,26.23,2.79
Bangkok,Tropical,1996-02-01,27.36,14.5
Bangkok,Tropical,1996-03-01,30.78,17.98
Bangkok,Tropical,1996-04-01,29.73,117.9
Bangkok,Tropical,1996-05-01,28.34,193.13
Bangkok,Tropical,1996-06-01,27.76,185.1
Bangkok,Tropical,1996-07-01,27.2,176.7
Bangkok,Tropical,1996-08-01,27.22,141.05
Bangkok,Tropical,1996-09-01,26.87,340.8
Bangkok,Tropical,1996-10-01,26.65,198.71
Bangkok,Tropical,1996-11-01,25.37,96.9
Bangkok,Tropical,1996-12-01,22.8,1.24
Bangkok,Tropical,1997-01-01,25.01,1.55
Bangkok,Tropical,1997-02-01,28.76,8.12
Bangkok,Tropical,1997-03-01,30.67,36.89
Bangkok,Tropical,1997-04-01,30.68,57.9
Bangkok,Tropical,1997-05-01,30.39,87.11
Bangkok,Tropical,1997-06-01,30.25,46.2
Bangkok,Tropical,1997-07-01,29.02,63.55
Bangkok,Tropical,1997-08-01,28.26,137.64
Bangkok,Tropical,1997-09-01,27.66,298.8
Bangkok,Tropical,1997-10-01,27.35,145.7
Bangkok,Tropical,1997-11-01,26.48,36.3
Bangkok,Tropical,1997-12-01,27.51,0.0
Bangkok,Tropical,1998-01-01,29.24,11.78
Bangkok,Tropical,1998-02-01,30.7,19.32
Bangkok,Tropical,1998-03-01,31.88,6.2
Bangkok,Tropical,1998-04-01,32.54,32.4
Bangkok,Tropical,1998-05-01,30.85,169.88
Bangkok,Tropical,1998-06-01,28.74,180.6
Bangkok,Tropical,1998-07-01,27.93,230.33
Bangkok,Tropical,1998-08-01,27.72,276.52
Bangkok,Tropical,1998-09-01,27.43,270.9
Bangkok,Tropical,1998-10-01,27.1,183.83
Bangkok,Tropical,1998-11-01,25.31,50.1
Bangkok,Tropical,1998-12-01,24.89,2.79
Bangkok,Tropical,1999-01-01,26.42,17.67
Bangkok,Tropical,1999-02-01,28.06,27.16
Bangkok,Tropical,1999-03-01,30.41,46.81
Bangkok,Tropical,1999-04-01,28.5,202.5
Bangkok,Tropical,1999-05-01,27.3,304.11
Bangkok,Tropical,1999-06-01,26.94,124.5
Bangkok,Tropical,1999-07-01,27.09,126.48
Bangkok,Tropical,1999-08-01,27.1,138.88
Bangkok,Tropical,1999-09-01,26.88,219.0
Bangkok,Tropical,1999-10-01,26.63,281.48
Bangkok,Tropical,1999-11-01,24.93,60.0
Bangkok,Tropical,1999-12-01,20.75,1.24
Bangkok,Tropical,2000-01-01,26.15,2.17
Bangkok,Tropical,2000-02-01,27.28,24.36
Bangkok,Tropical,2000-03-01,29.63,39.06
Bangkok,Tropical,2000-04-01,28.31,185.1
Bangkok,Tropical,2000-05-01,28.1,186.62
Bangkok,Tropical,2000-06-01,27.09,174.0
Bangkok,Tropical,2000-07-01,26.96,148.49
Bangkok,Tropical,2000-08-01,27.0,214.52
Bangkok,Tropical,2000-09-01,26.58,216.0
Bangkok,Tropical,2000-10-01,26.79,217.31
Bangkok,Tropical,2000-11-01,24.06,4.2
Bangkok,Tropical,2000-12-01,25.3,2.79
Bangkok,Tropical,2001-01-01,27.4,14.57
Bangkok,Tropical,2001-02-01,29.29,4.76
Bangkok,Tropical,2001-03-01,28.45,135.16
Bangkok,Tropical,2001-04-01,29.93,31.2
Bangkok,Tropical,2001-05-01,28.62,189.1
Bangkok,Tropical,2001-06-01,28.01,103.8
Bangkok,Tropical,2001-07-01,28.39,94.86
Bangkok,Tropical,2001-08-01,27.6,142.29
Bangkok,Tropical,2001-09-01,27.88,203.1
Bangkok,Tropical,2001-10-01,27.29,261.95
Bangkok,Tropical,2001-11-01,23.73,26.4
Bangkok,Tropical,2001-12-01,25.25,4.96
Bangkok,Tropical,2002-01-01,26.37,3.1
Bangkok,Tropical,2002-02-01,29.52,10.36
Bangkok,Tropical,2002-03-01,29.49,49.6
Bangkok,Tropical,2002-04-01,31.13,61.2
Bangkok,Tropical,2002-05-01,28.38,207.7
Bangkok,Tropical,2002-06-01,27.95,141.3
Bangkok,Tropical,2002-07-01,28.18,112.53
Bangkok,Tropical,2002-08-01,27.39,155.93
Bangkok,Tropical,2002-09-01,26.99,243.9
Bangkok,Tropical,2002-10-01,26.62,144.15
Bangkok,Tropical,2002-11-01,25.83,79.2
Bangkok,Tropical,2002-12-01,25.91,30.07
Bangkok,Tropical,2003-01-01,25.61,0.0
Bangkok,Tropical,2003-02-01,29.33,15.12
Bangkok,Tropical,2003-03-01,29.22,120.59
Bangkok,Tropical,2003-04-01,30.82,41.7
Bangkok,Tropical,2003-05-01,29.55,150.97
Bangkok,Tropical,2003-06-01,28.33,207.6
Bangkok,Tropical,2003-07-01,27.4,209.87
Bangkok,Tropical,2003-08-01,27.5,172.67
Bangkok,Tropical,2003-09-01,26.78,269.1
Bangkok,Tropical,2003-10-01,26.63,163.68
Bangkok,Tropical,2003-11-01,26.14,0.0
Bangkok,Tropical,2003-12-01,24.11,0.0
Bangkok,Tropical,2004-01-01,26.36,29.14
Bangkok,Tropical,2004-02-01,27.14,39.15
Bangkok,Tropical,2004-03-01,31.08,6.82
Bangkok,Tropical,2004-04-01,32.47,47.1
Bangkok,Tropical,2004-05-01,29.35,127.72
Bangkok,Tropical,2004-06-01,28.25,153.3
Bangkok,Tropical,2004-07-01,28.14,182.9
Bangkok,Tropical,2004-08-01,27.53,171.12
Bangkok,Tropical,2004-09-01,27.23,229.5
Bangkok,Tropical,2004-10-01,26.73,73.78
Bangkok,Tropical,2004-11-01,27.3,8.1
Bangkok,Tropical,2004-12-01,26.07,0.0
Bangkok,Tropical,2005-01-01,26.85,14.88
Bangkok,Tropical,2005-02-01,29.92,1.4
Bangkok,Tropical,2005-03-01,29.92,36.89
Bangkok,Tropical,2005-04-01,29.97,112.5
Bangkok,Tropical,2005-05-01,29.67,163.68
Bangkok,Tropical,2005-06-01,28.21,140.1
Bangkok,Tropical,2005-07-01,27.87,132.68
Bangkok,Tropical,2005-08-01,27.83,129.89
Bangkok,Tropical,2005-09-01,27.01,367.5
Bangkok,Tropical,2005-10-01,27.08,166.16
Bangkok,Tropical,2005-11-01,25.69,86.4
Bangkok,Tropical,2005-12-01,23.33,21.08
Bangkok,Tropical,2006-01-01,25.49,1.24
Bangkok,Tropical,2006-02-01,29.08,26.6
Bangkok,Tropical,2006-03-01,30.19,67.27
Bangkok,Tropical,2006-04-01,29.27,107.1
Bangkok,Tropical,2006-05-01,28.23,194.68
Bangkok,Tropical,2006-06-01,28.09,165.3
Bangkok,Tropical,2006-07-01,27.37,131.44
Bangkok,Tropical,2006-08-01,27.38,101.06
Bangkok,Tropical,2006-09-01,27.38,285.9
Bangkok,Tropical,2006-10-01,26.97,203.36
Bangkok,Tropical,2006-11-01,26.66,22.8
Bangkok,Tropical,2006-12-01,25.09,2.17
Bangkok,Tropical,2007-01-01,26.69,5.89
Bangkok,Tropical,2007-02-01,28.46,3.08
Bangkok,Tropical,2007-03-01,30.94,14.88
Bangkok,Tropical,2007-04-01,30.33,128.7
Bangkok,Tropical,2007-05-01,27.84,282.72
Bangkok,Tropical,2007-06-01,28.22,170.1
Bangkok,Tropical,2007-07-01,27.55,173.6
Bangkok,Tropical,2007-08-01,27.61,111.91
Bangkok,Tropical,2007-09-01,27.31,225.3
Bangkok,Tropical,2007-10-01,26.19,160.58
Bangkok,Tropical,2007-11-01,23.87,11.4
Bangkok,Tropical,2007-12-01,26.31,1.24
Bangkok,Tropical,2008-01-01,27.02,10.23
Bangkok,Tropical,2008-02-01,28.09,30.16
Bangkok,Tropical,2008-03-01,30.46,12.71
Bangkok,Tropical,2008-04-01,30.3,111.9
Bangkok,Tropical,2008-05-01,28.62,194.37
Bangkok,Tropical,2008-06-01,28.08,138.6
Bangkok,Tropical,2008-07-01,27.46,168.64
Bangkok,Tropical,2008-08-01,27.43,159.65
Bangkok,Tropical,2008-09-01,26.8,298.2
Bangkok,Tropical,2008-10-01,27.31,225.37
Bangkok,Tropical,2008-11-01,24.2,44.4
Bangkok,Tropical,2008-12-01,22.74,0.0
Bangkok,Tropical,2009-01-01,23.65,0.0
Bangkok,Tropical,2009-02-01,29.46,2.52
Bangkok,Tropical,2009-03-01,30.02,55.18
Bangkok,Tropical,2009-04-01,30.06,141.6
Bangkok,Tropical,2009-05-01,28.44,237.46
Bangkok,Tropical,2009-06-01,27.74,157.2
Bangkok,Tropical,2009-07-01,27.2,159.34
Bangkok,Tropical,2009-08-01,28.03,193.13
Bangkok,Tropical,2009-09-01,27.26,258.0
Bangkok,Tropical,2009-10-01,27.05,216.38
Bangkok,Tropical,2009-11-01,24.9,20.1
Bangkok,Tropical,2009-12-01,25.75,2.79
Bangkok,Tropical,2010-01-01,27.08,48.05
Bangkok,Tropical,2010-02-01,29.81,10.64
Bangkok,Tropical,2010-03-01,31.15,13.02
Bangkok,Tropical,2010-04-01,32.35,42.6
Bangkok,Tropical,2010-05-01,30.35,137.33
Bangkok,Tropical,2010-06-01,28.88,178.8
Bangkok,Tropical,2010-07-01,27.82,177.01
Bangkok,Tropical,2010-08-01,27.12,311.86
Bangkok,Tropical,2010-09-01,27.05,282.6
Bangkok,Tropical,2010-10-01,26.08,246.76
Bangkok,Tropical,2010-11-01,24.96,9.9
Bangkok,Tropical,2010-12-01,24.79,20.15
Bangkok,Tropical,2011-01-01,24.93,0.31
Bangkok,Tropical,2011-02-01,28.64,21.0
Bangkok,Tropical,2011-03-01,27.06,113.77
Bangkok,Tropical,2011-04-01,28.81,125.7
Bangkok,Tropical,2011-05-01,28.36,186.93
Bangkok,Tropical,2011-06-01,27.57,169.8
Bangkok,Tropical,2011-07-01,27.21,204.29
Bangkok,Tropical,2011-08-01,27.28,256.37
Bangkok,Tropical,2011-09-01,26.46,286.2
Bangkok,Tropical,2011-10-01,26.43,225.06
Bangkok,Tropical,2011-11-01,25.86,1.5
Bangkok,Tropical,2011-12-01,23.72,0.31
Bangkok,Tropical,2012-01-01,27.02,22.63
Bangkok,Tropical,2012-02-01,29.57,19.14
Bangkok,Tropical,2012-03-01,30.74,25.42
Bangkok,Tropical,2012-04-01,31.02,42.9
Bangkok,Tropical,2012-05-01,29.94,139.19
Bangkok,Tropical,2012-06-01,28.83,119.1
Bangkok,Tropical,2012-07-01,27.77,201.81
Bangkok,Tropical,2012-08-01,27.5,158.41
Bangkok,Tropical,2012-09-01,26.58,407.1
Bangkok,Tropical,2012-10-01,27.3,135.47
Bangkok,Tropical,2012-11-01,27.07,104.1
Bangkok,Tropical,2012-12-01,26.45,9.3
Bangkok,Tropical,2013-01-01,26.39,28.21
Bangkok,Tropical,2013-02-01,29.3,5.04
Bangkok,Tropical,2013-03-01,31.46,22.94
Bangkok,Tropical,2013-04-01,31.11,46.2
Bangkok,Tropical,2013-05-01,30.76,82.46
Bangkok,Tropical,2013-06-01,28.32,242.4
Bangkok,Tropical,2013-07-01,27.33,152.83
Bangkok,Tropical,2013-08-01,27.57,175.15
Bangkok,Tropical,2013-09-01,27.05,318.3
Bangkok,Tropical,2013-10-01,26.8,257.92
Bangkok,Tropical,2013-11-01,26.0,73.2
Bangkok,Tropical,2013-12-01,21.68,1.86
Bangkok,Tropical,2014-01-01,23.42,0.0
Bangkok,Tropical,2014-02-01,28.16,2.8
Bangkok,Tropical,2014-03-01,30.44,17.98
Bangkok,Tropical,2014-04-01,30.99,57.6
Bangkok,Tropical,2014-05-01,31.05,97.96
Bangkok,Tropical,2014-06-01,29.67,111.9
Bangkok,Tropical,2014-07-01,28.97,113.15
Bangkok,Tropical,2014-08-01,28.26,197.16
Bangkok,Tropical,2014-09-01,27.65,225.6
Bangkok,Tropical,2014-10-01,27.15,175.46
Bangkok,Tropical,2014-11-01,26.94,58.5
Bangkok,Tropical,2014-12-01,25.18,11.47
Bangkok,Tropical,2015-01-01,25.36,6.2
Bangkok,Tropical,2015-02-01,28.44,12.6
Bangkok,Tropical,2015-03-01,30.11,92.38
Bangkok,Tropical,2015-04-01,30.1,70.2
Bangkok,Tropical,2015-05-01,30.58,43.4
Bangkok,Tropical,2015-06-01,29.73,152.4
Bangkok,Tropical,2015-07-01,29.25,108.5
Bangkok,Tropical,2015-08-01,28.23,168.95
Bangkok,Tropical,2015-09-01,27.57,293.1
Bangkok,Tropical,2015-10-01,27.39,192.51
Bangkok,Tropical,2015-11-01,27.56,48.0
Bangkok,Tropical,2015-12-01,27.06,16.74
Bangkok,Tropical,2016-01-01,27.05,48.98
Bangkok,Tropical,2016-02-01,27.98,0.87
Bangkok,Tropical,2016-03-01,31.34,15.19
Bangkok,Tropical,2016-04-01,33.19,13.2
Bangkok,Tropical,2016-05-01,31.44,116.56
Bangkok,Tropical,2016-06-01,28.51,241.2
Bangkok,Tropical,2016-07-01,27.63,136.71
Bangkok,Tropical,2016-08-01,27.98,198.09
Bangkok,Tropical,2016-09-01,26.9,291.0
Bangkok,Tropical,2016-10-01,27.1,269.39
Bangkok,Tropical,2016-11-01,26.22,61.2
Bangkok,Tropical,2016-12-01,24.17,2.79
Bangkok,Tropical,2017-01-01,25.76,36.58
Bangkok,Tropical,2017-02-01,27.62,1.4
Bangkok,Tropical,2017-03-01,30.29,69.13
Bangkok,Tropical,2017-04-01,30.38,47.7
Bangkok,Tropical,2017-05-01,29.07,350.61
Bangkok,Tropical,2017-06-01,27.9,183.9
Bangkok,Tropical,2017-07-01,26.75,385.02
Bangkok,Tropical,2017-08-01,27.03,261.33
Bangkok,Tropical,2017-09-01,27.78,213.3
Bangkok,Tropical,2017-10-01,27.01,261.33
Bangkok,Tropical,2017-11-01,25.59,41.4
Bangkok,Tropical,2017-12-01,24.0,22.32
Bangkok,Tropical,2018-01-01,26.09,53.63
Bangkok,Tropical,2018-02-01,26.79,53.2
Bangkok,Tropical,2018-03-01,29.1,50.84
Bangkok,Tropical,2018-04-01,29.4,155.7
Bangkok,Tropical,2018-05-01,28.59,142.6
Bangkok,Tropical,2018-06-01,28.14,137.4
Bangkok,Tropical,2018-07-01,27.62,177.94
Bangkok,Tropical,2018-08-01,27.2,190.03
Bangkok,Tropical,2018-09-01,27.34,283.5
Bangkok,Tropical,2018-10-01,27.46,180.42
Bangkok,Tropical,2018-11-01,26.36,22.5
Bangkok,Tropical,2018-12-01,26.59,40.61
Bangkok,Tropical,2019-01-01,26.62,1.55
Bangkok,Tropical,2019-02-01,29.99,4.48
Bangkok,Tropical,2019-03-01,30.94,10.54
Bangkok,Tropical,2019-04-01,31.99,51.6
Bangkok,Tropical,2019-05-01,30.51,146.63
Bangkok,Tropical,2019-06-01,29.04,161.4
Bangkok,Tropical,2019-07-01,28.23,130.51
Bangkok,Tropical,2019-08-01,27.99,169.57
Bangkok,Tropical,2019-09-01,27.45,274.2
Bangkok,Tropical,2019-10-01,28.12,111.91
Bangkok,Tropical,2019-11-01,26.99,18.9
Bangkok,Tropical,2019-12-01,26.45,0.0
Bangkok,Tropical,2020-01-01,29.5,6.2
Bangkok,Tropical,2020-02-01,29.76,5.22
Bangkok,Tropical,2020-03-01,31.51,20.46
Bangkok,Tropical,2020-04-01,31.02,72.6
Bangkok,Tropical,2020-05-01,31.02,83.7
Bangkok,Tropical,2020-06-01,28.6,225.9
Bangkok,Tropical,2020-07-01,28.03,221.96
Bangkok,Tropical,2020-08-01,27.74,200.57
Bangkok,Tropical,2020-09-01,27.51,305.7
Bangkok,Tropical,2020-10-01,25.82,392.15
Bangkok,Tropical,2020-11-01,25.9,33.3
Bangkok,Tropical,2020-12-01,24.26,1.86
Jakarta,Tropical,1991-01-01,26.61,367.97
Jakarta,Tropical,1991-02-01,26.33,278.88
Jakarta,Tropical,1991-03-01,27.28,248.62
Jakarta,Tropical,1991-04-01,27.14,172.8
Jakarta,Tropical,1991-05-01,27.42,98.89
Jakarta,Tropical,1991-06-01,26.95,40.5
Jakarta,Tropical,1991-07-01,26.31,13.33
Jakarta,Tropical,1991-08-01,26.51,3.41
Jakarta,Tropical,1991-09-01,27.61,9.0
Jakarta,Tropical,1991-10-01,28.1,23.25
Jakarta,Tropical,1991-11-01,27.48,224.4
Jakarta,Tropical,1991-12-01,27.17,230.02
Jakarta,Tropical,1992-01-01,26.79,210.8
Jakarta,Tropical,1992-02-01,26.63,253.75
Jakarta,Tropical,1992-03-01,27.37,216.07
Jakarta,Tropical,1992-04-01,27.58,196.5
Jakarta,Tropical,1992-05-01,27.62,220.41
Jakarta,Tropical,1992-06-01,27.45,50.7
Jakarta,Tropical,1992-07-01,26.84,42.16
Jakarta,Tropical,1992-08-01,26.46,179.18
Jakarta,Tropical,1992-09-01,27.03,145.8
Jakarta,Tropical,1992-10-01,27.19,190.34
Jakarta,Tropical,1992-11-01,26.79,168.6
Jakarta,Tropical,1992-12-01,26.6,313.41
Jakarta,Tropical,1993-01-01,26.22,403.0
Jakarta,Tropical,1993-02-01,26.25,287.0
Jakarta,Tropical,1993-03-01,26.97,219.48
Jakarta,Tropical,1993-04-01,26.96,247.5
Jakarta,Tropical,1993-05-01,27.27,117.49
Jakarta,Tropical,1993-06-01,27.13,111.6
Jakarta,Tropical,1993-07-01,26.37,43.71
Jakarta,Tropical,1993-08-01,26.41,105.71
Jakarta,Tropical,1993-09-01,26.89,64.8
Jakarta,Tropical,1993-10-01,27.63,106.64
Jakarta,Tropical,1993-11-01,27.9,196.8
Jakarta,Tropical,1993-12-01,27.15,235.29
Jakarta,Tropical,1994-01-01,26.29,402.38
Jakarta,Tropical,1994-02-01,26.49,257.6
Jakarta,Tropical,1994-03-01,26.55,303.49
Jakarta,Tropical,1994-04-01,27.08,189.9
Jakarta,Tropical,1994-05-01,26.69,91.45
Jakarta,Tropical,1994-06-01,26.34,29.1
Jakarta,Tropical,1994-07-01,25.61,0.31
Jakarta,Tropical,1994-08-01,25.89,8.06
Jakarta,Tropical,1994-09-01,27.17,15.9
Jakarta,Tropical,1994-10-01,27.98,49.6
Jakarta,Tropical,1994-11-01,28.24,168.6
Jakarta,Tropical,1994-12-01,27.12,162.13
Jakarta,Tropical,1995-01-01,26.45,370.14
Jakarta,Tropical,1995-02-01,26.15,235.48
Jakarta,Tropical,1995-03-01,26.75,244.28
Jakarta,Tropical,1995-04-01,27.14,217.5
Jakarta,Tropical,1995-05-01,27.38,137.02
Jakarta,Tropical,1995-06-01,27.21,179.4
Jakarta,Tropical,1995-07-01,26.54,124.62
Jakarta,Tropical,1995-08-01,26.69,12.71
Jakarta,Tropical,1995-09-01,27.11,87.3
Jakarta,Tropical,1995-10-01,27.57,208.32
Jakarta,Tropical,1995-11-01,27.46,318.9
Jakarta,Tropical,1995-12-01,26.6,196.54
Jakarta,Tropical,1996-01-01,25.93,352.16
Jakarta,Tropical,1996-02-01,25.98,339.01
Jakarta,Tropical,1996-03-01,26.66,166.78
Jakarta,Tropical,1996-04-01,27.39,215.1
Jakarta,Tropical,1996-05-01,27.58,109.74
Jakarta,Tropical,1996-06-01,27.04,62.7
Jakarta,Tropical,1996-07-01,27.15,73.47
Jakarta,Tropical,1996-08-01,27.01,107.57
Jakarta,Tropical,1996-09-01,27.48,112.2
Jakarta,Tropical,1996-10-01,27.68,245.21
Jakarta,Tropical,1996-11-01,27.37,232.5
Jakarta,Tropical,1996-12-01,26.74,269.08
Jakarta,Tropical,1997-01-01,25.89,408.27
Jakarta,Tropical,1997-02-01,26.11,155.12
Jakarta,Tropical,1997-03-01,27.15,159.65
Jakarta,Tropical,1997-04-01,27.15,191.1
Jakarta,Tropical,1997-05-01,27.6,159.65
Jakarta,Tropical,1997-06-01,26.91,21.3
Jakarta,Tropical,1997-07-01,26.06,13.33
Jakarta,Tropical,1997-08-01,26.34,13.33
Jakarta,Tropical,1997-09-01,27.36,9.9
Jakarta,Tropical,1997-10-01,28.64,16.74
Jakarta,Tropical,1997-11-01,28.86,117.3
Jakarta,Tropical,1997-12-01,28.02,160.58
Jakarta,Tropical,1998-01-01,28.22,202.43
Jakarta,Tropical,1998-02-01,27.72,254.8
Jakarta,Tropical,1998-03-01,27.87,271.25
Jakarta,Tropical,1998-04-01,28.15,187.5
Jakarta,Tropical,1998-05-01,28.39,195.3
Jakarta,Tropical,1998-06-01,27.71,166.8
Jakarta,Tropical,1998-07-01,27.43,112.53
Jakarta,Tropical,1998-08-01,27.52,99.82
Jakarta,Tropical,1998-09-01,27.56,113.4
Jakarta,Tropical,1998-10-01,27.46,258.85
Jakarta,Tropical,1998-11-01,27.17,153.6
Jakarta,Tropical,1998-12-01,27.06,177.94
Jakarta,Tropical,1999-01-01,26.49,300.39
Jakarta,Tropical,1999-02-01,26.24,230.16
Jakarta,Tropical,1999-03-01,26.84,105.09
Jakarta,Tropical,1999-04-01,27.28,96.6
Jakarta,Tropical,1999-05-01,27.15,93.62
Jakarta,Tropical,1999-06-01,26.88,98.7
Jakarta,Tropical,1999-07-01,26.55,71.61
Jakarta,Tropical,1999-08-01,26.49,31.62
Jakarta,Tropical,1999-09-01,27.59,33.6
Jakarta,Tropical,1999-10-01,27.61,134.85
Jakarta,Tropical,1999-11-01,27.24,140.4
Jakarta,Tropical,1999-12-01,26.86,217.0
Jakarta,Tropical,2000-01-01,26.11,179.49
Jakarta,Tropical,2000-02-01,26.24,198.07
Jakarta,Tropical,2000-03-01,26.42,94.86
Jakarta,Tropical,2000-04-01,27.06,120.6
Jakarta,Tropical,2000-05-01,27.4,142.91
Jakarta,Tropical,2000-06-01,26.89,60.0
Jakarta,Tropical,2000-07-01,26.9,78.12
Jakarta,Tropical,2000-08-01,27.13,57.35
Jakarta,Tropical,2000-09-01,28.28,39.9
Jakarta,Tropical,2000-10-01,28.27,84.63
Jakarta,Tropical,2000-11-01,27.45,184.2
Jakarta,Tropical,2000-12-01,27.61,98.27
Jakarta,Tropical,2001-01-01,26.62,238.7
Jakarta,Tropical,2001-02-01,26.48,233.52
Jakarta,Tropical,2001-03-01,26.75,212.97
Jakarta,Tropical,2001-04-01,27.4,189.3
Jakarta,Tropical,2001-05-01,27.9,169.26
Jakarta,Tropical,2001-06-01,27.17,123.9
Jakarta,Tropical,2001-07-01,26.76,135.78
Jakarta,Tropical,2001-08-01,27.01,53.01
Jakarta,Tropical,2001-09-01,27.88,79.2
Jakarta,Tropical,2001-10-01,27.57,139.5
Jakarta,Tropical,2001-11-01,27.18,247.8
Jakarta,Tropical,2001-12-01,27.13,115.94
Jakarta,Tropical,2002-01-01,26.6,456.32
Jakarta,Tropical,2002-02-01,26.04,295.4
Jakarta,Tropical,2002-03-01,27.2,243.97
Jakarta,Tropical,2002-04-01,27.46,205.8
Jakarta,Tropical,2002-05-01,27.72,97.96
Jakarta,Tropical,2002-06-01,27.28,69.0
Jakarta,Tropical,2002-07-01,26.7,110.98
Jakarta,Tropical,2002-08-01,26.58,15.19
Jakarta,Tropical,2002-09-01,27.03,13.8
Jakarta,Tropical,2002-10-01,28.49,27.59
Jakarta,Tropical,2002-11-01,28.35,130.5
Jakarta,Tropical,2002-12-01,27.88,133.3
Jakarta,Tropical,2003-01-01,27.98,92.69
Jakarta,Tropical,2003-02-01,26.84,354.2
Jakarta,Tropical,2003-03-01,27.16,135.78
Jakarta,Tropical,2003-04-01,27.97,129.0
Jakarta,Tropical,2003-05-01,27.87,108.19
Jakarta,Tropical,2003-06-01,27.31,12.0
Jakarta,Tropical,2003-07-01,27.05,17.67
Jakarta,Tropical,2003-08-01,27.48,39.06
Jakarta,Tropical,2003-09-01,27.82,77.7
Jakarta,Tropical,2003-10-01,28.25,195.92
Jakarta,Tropical,2003-11-01,27.96,177.3
Jakarta,Tropical,2003-12-01,26.95,338.83
Jakarta,Tropical,2004-01-01,26.7,242.73
Jakarta,Tropical,2004-02-01,26.35,389.47
Jakarta,Tropical,2004-03-01,26.88,271.87
Jakarta,Tropical,2004-04-01,27.77,252.0
Jakarta,Tropical,2004-05-01,27.66,161.2
Jakarta,Tropical,2004-06-01,26.97,44.7
Jakarta,Tropical,2004-07-01,26.44,93.31
Jakarta,Tropical,2004-08-01,26.33,13.33
Jakarta,Tropical,2004-09-01,27.25,87.6
Jakarta,Tropical,2004-10-01,28.21,56.11
Jakarta,Tropical,2004-11-01,28.2,168.0
Jakarta,Tropical,2004-12-01,27.13,234.98
Jakarta,Tropical,2005-01-01,26.85,371.69
Jakarta,Tropical,2005-02-01,27.19,362.32
Jakarta,Tropical,2005-03-01,27.16,287.68
Jakarta,Tropical,2005-04-01,27.57,116.1
Jakarta,Tropical,2005-05-01,27.65,128.65
Jakarta,Tropical,2005-06-01,27.27,159.9
Jakarta,Tropical,2005-07-01,26.91,94.24
Jakarta,Tropical,2005-08-01,26.9,96.72
Jakarta,Tropical,2005-09-01,27.55,72.3
Jakarta,Tropical,2005-10-01,27.77,129.27
Jakarta,Tropical,2005-11-01,27.68,118.8
Jakarta,Tropical,2005-12-01,27.12,181.66
Jakarta,Tropical,2006-01-01,26.62,336.04
Jakarta,Tropical,2006-02-01,26.84,306.32
Jakarta,Tropical,2006-03-01,26.87,295.43
Jakarta,Tropical,2006-04-01,27.15,201.6
Jakarta,Tropical,2006-05-01,27.39,96.72
Jakarta,Tropical,2006-06-01,26.78,59.1
Jakarta,Tropical,2006-07-01,26.46,46.19
Jakarta,Tropical,2006-08-01,26.08,5.89
Jakarta,Tropical,2006-09-01,27.01,3.3
Jakarta,Tropical,2006-10-01,28.5,26.35
Jakarta,Tropical,2006-11-01,28.71,81.3
Jakarta,Tropical,2006-12-01,27.94,199.64
Jakarta,Tropical,2007-01-01,27.63,230.95
Jakarta,Tropical,2007-02-01,26.76,554.68
Jakarta,Tropical,2007-03-01,26.95,248.62
Jakarta,Tropical,2007-04-01,27.42,243.3
Jakarta,Tropical,2007-05-01,27.47,137.33
Jakarta,Tropical,2007-06-01,27.2,125.7
Jakarta,Tropical,2007-07-01,26.71,41.85
Jakarta,Tropical,2007-08-01,26.54,46.5
Jakarta,Tropical,2007-09-01,27.15,30.0
Jakarta,Tropical,2007-10-01,27.95,104.16
Jakarta,Tropical,2007-11-01,27.65,153.9
Jakarta,Tropical,2007-12-01,27.12,463.14
Jakarta,Tropical,2008-01-01,27.02,258.23
Jakarta,Tropical,2008-02-01,26.17,549.55
Jakarta,Tropical,2008-03-01,26.7,191.58
Jakarta,Tropical,2008-04-01,27.04,242.4
Jakarta,Tropical,2008-05-01,27.2,90.83
Jakarta,Tropical,2008-06-01,26.73,70.5
Jakarta,Tropical,2008-07-01,26.17,6.82
Jakarta,Tropical,2008-08-01,26.64,66.96
Jakarta,Tropical,2008-09-01,27.62,51.3
Jakarta,Tropical,2008-10-01,28.04,119.35
Jakarta,Tropical,2008-11-01,27.53,254.7
Jakarta,Tropical,2008-12-01,26.86,224.44
Jakarta,Tropical,2009-01-01,26.47,492.59
Jakarta,Tropical,2009-02-01,26.32,332.92
Jakarta,Tropical,2009-03-01,27.05,190.34
Jakarta,Tropical,2009-04-01,27.6,159.9
Jakarta,Tropical,2009-05-01,27.64,190.34
Jakarta,Tropical,2009-06-01,27.44,93.6
Jakarta,Tropical,2009-07-01,26.8,18.91
Jakarta,Tropical,2009-08-01,26.87,17.98
Jakarta,Tropical,2009-09-01,27.94,47.1
Jakarta,Tropical,2009-10-01,28.08,142.91
Jakarta,Tropical,2009-11-01,27.91,266.7
Jakarta,Tropical,2009-12-01,27.56,166.78
Jakarta,Tropical,2010-01-01,26.79,391.22
Jakarta,Tropical,2010-02-01,27.61,296.8
Jakarta,Tropical,2010-03-01,27.71,284.89
Jakarta,Tropical,2010-04-01,28.1,70.8
Jakarta,Tropical,2010-05-01,28.16,197.47
Jakarta,Tropical,2010-06-01,27.38,219.3
Jakarta,Tropical,2010-07-01,27.07,217.31
Jakarta,Tropical,2010-08-01,27.1,196.54
Jakarta,Tropical,2010-09-01,27.39,268.2
Jakarta,Tropical,2010-10-01,27.19,355.26
Jakarta,Tropical,2010-11-01,27.25,216.9
Jakarta,Tropical,2010-12-01,26.37,211.11
Jakarta,Tropical,2011-01-01,26.13,270.01
Jakarta,Tropical,2011-02-01,26.45,211.96
Jakarta,Tropical,2011-03-01,26.57,214.83
Jakarta,Tropical,2011-04-01,27.22,159.6
Jakarta,Tropical,2011-05-01,27.35,168.02
Jakarta,Tropical,2011-06-01,27.1,107.7
Jakarta,Tropical,2011-07-01,26.59,73.16
Jakarta,Tropical,2011-08-01,26.45,4.96
Jakarta,Tropical,2011-09-01,27.3,48.9
Jakarta,Tropical,2011-10-01,27.71,124.62
Jakarta,Tropical,2011-11-01,27.68,174.6
Jakarta,Tropical,2011-12-01,27.53,182.59
Jakarta,Tropical,2012-01-01,26.92,276.83
Jakarta,Tropical,2012-02-01,27.0,201.26
Jakarta,Tropical,2012-03-01,27.08,199.95
Jakarta,Tropical,2012-04-01,27.26,240.6
Jakarta,Tropical,2012-05-01,27.72,93.0
Jakarta,Tropical,2012-06-01,27.08,63.6
Jakarta,Tropical,2012-07-01,26.5,23.87
Jakarta,Tropical,2012-08-01,26.78,3.41
Jakarta,Tropical,2012-09-01,27.84,35.4
Jakarta,Tropical,2012-10-01,28.15,145.08
Jakarta,Tropical,2012-11-01,27.93,240.3
Jakarta,Tropical,2012-12-01,27.37,322.71
Jakarta,Tropical,2013-01-01,26.55,690.06
Jakarta,Tropical,2013-02-01,26.97,239.4
Jakarta,Tropical,2013-03-01,27.62,240.56
Jakarta,Tropical,2013-04-01,27.64,211.5
Jakarta,Tropical,2013-05-01,27.66,265.05
Jakarta,Tropical,2013-06-01,27.54,118.8
Jakarta,Tropical,2013-07-01,26.96,296.98
Jakarta,Tropical,2013-08-01,26.88,89.59
Jakarta,Tropical,2013-09-01,27.51,41.4
Jakarta,Tropical,2013-10-01,28.06,138.57
Jakarta,Tropical,2013-11-01,27.69,213.6
Jakarta,Tropical,2013-12-01,27.12,481.43
Jakarta,Tropical,2014-01-01,26.18,768.8
Jakarta,Tropical,2014-02-01,26.21,508.76
Jakarta,Tropical,2014-03-01,27.19,247.38
Jakarta,Tropical,2014-04-01,27.72,229.5
Jakarta,Tropical,2014-05-01,28.22,144.15
Jakarta,Tropical,2014-06-01,27.89,160.5
Jakarta,Tropical,2014-07-01,27.46,237.77
Jakarta,Tropical,2014-08-01,27.05,71.3
Jakarta,Tropical,2014-09-01,27.15,20.1
Jakarta,Tropical,2014-10-01,28.02,45.88
Jakarta,Tropical,2014-11-01,28.15,204.3
Jakarta,Tropical,2014-12-01,27.22,298.22
Jakarta,Tropical,2015-01-01,26.46,368.28
Jakarta,Tropical,2015-02-01,26.4,534.8
Jakarta,Tropical,2015-03-01,27.01,285.82
Jakarta,Tropical,2015-04-01,27.54,191.1
Jakarta,Tropical,2015-05-01,27.5,98.27
Jakarta,Tropical,2015-06-01,27.19,45.3
Jakarta,Tropical,2015-07-01,26.72,14.57
Jakarta,Tropical,2015-08-01,26.76,17.36
Jakarta,Tropical,2015-09-01,27.61,7.5
Jakarta,Tropical,2015-10-01,28.53,17.36
Jakarta,Tropical,2015-11-01,28.75,130.2
Jakarta,Tropical,2015-12-01,27.89,231.26
Jakarta,Tropical,2016-01-01,28.07,218.86
Jakarta,Tropical,2016-02-01,27.35,520.84
Jakarta,Tropical,2016-03-01,27.95,278.69
Jakarta,Tropical,2016-04-01,28.16,226.8
Jakarta,Tropical,2016-05-01,28.31,130.51
Jakarta,Tropical,2016-06-01,27.82,147.0
Jakarta,Tropical,2016-07-01,27.52,177.63
Jakarta,Tropical,2016-08-01,27.55,141.05
Jakarta,Tropical,2016-09-01,27.56,206.1
Jakarta,Tropical,2016-10-01,27.16,320.54
Jakarta,Tropical,2016-11-01,27.4,287.7
Jakarta,Tropical,2016-12-01,27.12,162.75
Jakarta,Tropical,2017-01-01,26.75,341.0
Jakarta,Tropical,2017-02-01,26.6,546.56
Jakarta,Tropical,2017-03-01,27.15,228.78
Jakarta,Tropical,2017-04-01,27.41,252.6
Jakarta,Tropical,2017-05-01,27.79,140.74
Jakarta,Tropical,2017-06-01,27.23,131.7
Jakarta,Tropical,2017-07-01,27.05,70.06
Jakarta,Tropical,2017-08-01,26.89,17.98
Jakarta,Tropical,2017-09-01,27.52,59.4
Jakarta,Tropical,2017-10-01,28.07,216.69
Jakarta,Tropical,2017-11-01,27.95,330.3
Jakarta,Tropical,2017-12-01,27.14,241.49
Jakarta,Tropical,2018-01-01,26.98,201.19
Jakarta,Tropical,2018-02-01,26.6,449.96
Jakarta,Tropical,2018-03-01,27.38,312.17
Jakarta,Tropical,2018-04-01,27.85,169.8
Jakarta,Tropical,2018-05-01,27.84,67.27
Jakarta,Tropical,2018-06-01,27.45,59.1
Jakarta,Tropical,2018-07-01,26.71,3.1
Jakarta,Tropical,2018-08-01,26.81,16.74
Jakarta,Tropical,2018-09-01,27.67,55.5
Jakarta,Tropical,2018-10-01,28.52,101.99
Jakarta,Tropical,2018-11-01,28.12,178.2
Jakarta,Tropical,2018-12-01,27.75,206.15
Jakarta,Tropical,2019-01-01,27.32,419.74
Jakarta,Tropical,2019-02-01,27.66,250.88
Jakarta,Tropical,2019-03-01,27.65,250.17
Jakarta,Tropical,2019-04-01,28.18,252.9
Jakarta,Tropical,2019-05-01,28.08,167.71
Jakarta,Tropical,2019-06-01,27.39,36.3
Jakarta,Tropical,2019-07-01,26.62,19.53
Jakarta,Tropical,2019-08-01,26.57,7.44
Jakarta,Tropical,2019-09-01,27.51,3.9
Jakarta,Tropical,2019-10-01,28.68,63.86
Jakarta,Tropical,2019-11-01,28.7,149.4
Jakarta,Tropical,2019-12-01,28.23,261.95
Jakarta,Tropical,2020-01-01,27.49,386.57
Jakarta,Tropical,2020-02-01,27.38,596.82
Jakarta,Tropical,2020-03-01,27.72,334.8
Jakarta,Tropical,2020-04-01,27.98,206.1
Jakarta,Tropical,2020-05-01,28.1,174.22
Jakarta,Tropical,2020-06-01,27.63,62.4
Jakarta,Tropical,2020-07-01,27.16,86.49
Jakarta,Tropical,2020-08-01,27.19,55.8
Jakarta,Tropical,2020-09-01,27.67,116.1
Jakarta,Tropical,2020-10-01,27.69,205.84
Jakarta,Tropical,2020-11-01,27.85,238.8
Jakarta,Tropical,2020-12-01,26.95,229.71
Kuala Lumpur,Tropical,1991-01-01,24.79,144.46
Kuala Lumpur,Tropical,1991-02-01,25.28,95.2
Kuala Lumpur,Tropical,1991-03-01,25.8,238.39
Kuala Lumpur,Tropical,1991-04-01,26.06,263.7
Kuala Lumpur,Tropical,1991-05-01,26.04,330.77
Kuala Lumpur,Tropical,1991-06-01,25.83,72.0
Kuala Lumpur,Tropical,1991-07-01,25.16,94.24
Kuala Lumpur,Tropical,1991-08-01,25.09,206.46
Kuala Lumpur,Tropical,1991-09-01,25.27,169.2
Kuala Lumpur,Tropical,1991-10-01,25.11,133.92
Kuala Lumpur,Tropical,1991-11-01,24.89,248.7
Kuala Lumpur,Tropical,1991-12-01,24.48,406.1
Kuala Lumpur,Tropical,1992-01-01,24.13,105.71
Kuala Lumpur,Tropical,1992-02-01,25.28,271.73
Kuala Lumpur,Tropical,1992-03-01,25.7,210.18
Kuala Lumpur,Tropical,1992-04-01,26.36,188.4
Kuala Lumpur,Tropical,1992-05-01,26.25,323.64
Kuala Lumpur,Tropical,1992-06-01,25.45,120.6
Kuala Lumpur,Tropical,1992-07-01,25.08,189.41
Kuala Lumpur,Tropical,1992-08-01,24.85,76.26
Kuala Lumpur,Tropical,1992-09-01,25.1,145.5
Kuala Lumpur,Tropical,1992-10-01,24.87,116.56
Kuala Lumpur,Tropical,1992-11-01,24.68,339.3
Kuala Lumpur,Tropical,1992-12-01,24.33,361.46
Kuala Lumpur,Tropical,1993-01-01,24.34,171.12
Kuala Lumpur,Tropical,1993-02-01,24.57,80.92
Kuala Lumpur,Tropical,1993-03-01,25.12,167.4
Kuala Lumpur,Tropical,1993-04-01,25.78,150.6
Kuala Lumpur,Tropical,1993-05-01,26.26,343.17
Kuala Lumpur,Tropical,1993-06-01,25.45,201.9
Kuala Lumpur,Tropical,1993-07-01,25.04,154.69
Kuala Lumpur,Tropical,1993-08-01,25.09,146.32
Kuala Lumpur,Tropical,1993-09-01,25.2,195.0
Kuala Lumpur,Tropical,1993-10-01,25.34,238.08
Kuala Lumpur,Tropical,1993-11-01,25.62,264.6
Kuala Lumpur,Tropical,1993-12-01,24.87,201.19
Kuala Lumpur,Tropical,1994-01-01,24.35,120.9
Kuala Lumpur,Tropical,1994-02-01,25.25,154.0
Kuala Lumpur,Tropical,1994-03-01,25.2,250.79
Kuala Lumpur,Tropical,1994-04-01,25.93,141.0
Kuala Lumpur,Tropical,1994-05-01,25.97,171.12
Kuala Lumpur,Tropical,1994-06-01,25.17,166.5
Kuala Lumpur,Tropical,1994-07-01,24.86,69.13
Kuala Lumpur,Tropical,1994-08-01,24.98,117.18
Kuala Lumpur,Tropical,1994-09-01,25.3,104.4
Kuala Lumpur,Tropical,1994-10-01,25.69,274.04
Kuala Lumpur,Tropical,1994-11-01,25.14,453.3
Kuala Lumpur,Tropical,1994-12-01,24.74,137.64
Kuala Lumpur,Tropical,1995-01-01,24.68,207.7
Kuala Lumpur,Tropical,1995-02-01,24.86,148.68
Kuala Lumpur,Tropical,1995-03-01,25.67,183.83
Kuala Lumpur,Tropical,1995-04-01,26.34,279.6
Kuala Lumpur,Tropical,1995-05-01,26.08,203.98
Kuala Lumpur,Tropical,1995-06-01,25.99,192.9
Kuala Lumpur,Tropical,1995-07-01,25.04,156.55
Kuala Lumpur,Tropical,1995-08-01,25.28,292.64
Kuala Lumpur,Tropical,1995-09-01,25.37,259.2
Kuala Lumpur,Tropical,1995-10-01,25.37,126.79
Kuala Lumpur,Tropical,1995-11-01,25.24,276.9
Kuala Lumpur,Tropical,1995-12-01,24.31,324.57
Kuala Lumpur,Tropical,1996-01-01,23.89,187.86
Kuala Lumpur,Tropical,1996-02-01,24.36,97.15
Kuala Lumpur,Tropical,1996-03-01,25.63,335.73
Kuala Lumpur,Tropical,1996-04-01,26.08,195.6
Kuala Lumpur,Tropical,1996-05-01,25.83,94.55
Kuala Lumpur,Tropical,1996-06-01,25.63,220.8
Kuala Lumpur,Tropical,1996-07-01,25.18,182.28
Kuala Lumpur,Tropical,1996-08-01,24.89,270.94
Kuala Lumpur,Tropical,1996-09-01,25.07,76.2
Kuala Lumpur,Tropical,1996-10-01,25.17,241.18
Kuala Lumpur,Tropical,1996-11-01,24.96,148.2
Kuala Lumpur,Tropical,1996-12-01,24.4,176.08
Kuala Lumpur,Tropical,1997-01-01,24.16,88.97
Kuala Lumpur,Tropical,1997-02-01,25.13,120.12
Kuala Lumpur,Tropical,1997-03-01,25.46,121.21
Kuala Lumpur,Tropical,1997-04-01,25.88,276.3
Kuala Lumpur,Tropical,1997-05-01,26.12,124.31
Kuala Lumpur,Tropical,1997-06-01,25.65,103.2
Kuala Lumpur,Tropical,1997-07-01,25.32,199.33
Kuala Lumpur,Tropical,1997-08-01,25.37,72.23
Kuala Lumpur,Tropical,1997-09-01,25.53,187.5
Kuala Lumpur,Tropical,1997-10-01,25.62,263.19
Kuala Lumpur,Tropical,1997-11-01,25.28,386.4
Kuala Lumpur,Tropical,1997-12-01,24.96,213.9
Kuala Lumpur,Tropical,1998-01-01,25.42,160.58
Kuala Lumpur,Tropical,1998-02-01,26.01,108.64
Kuala Lumpur,Tropical,1998-03-01,26.44,129.27
Kuala Lumpur,Tropical,1998-04-01,27.36,140.1
Kuala Lumpur,Tropical,1998-05-01,27.18,271.56
Kuala Lumpur,Tropical,1998-06-01,26.19,144.9
Kuala Lumpur,Tropical,1998-07-01,25.7,172.36
Kuala Lumpur,Tropical,1998-08-01,25.59,393.39
Kuala Lumpur,Tropical,1998-09-01,25.38,213.0
Kuala Lumpur,Tropical,1998-10-01,25.51,147.87
Kuala Lumpur,Tropical,1998-11-01,24.92,163.2
Kuala Lumpur,Tropical,1998-12-01,24.91,212.97
Kuala Lumpur,Tropical,1999-01-01,24.76,155.0
Kuala Lumpur,Tropical,1999-02-01,24.93,159.88
Kuala Lumpur,Tropical,1999-03-01,25.5,295.12
Kuala Lumpur,Tropical,1999-04-01,25.78,99.3
Kuala Lumpur,Tropical,1999-05-01,25.74,310.0
Kuala Lumpur,Tropical,1999-06-01,25.11,68.4
Kuala Lumpur,Tropical,1999-07-01,24.79,180.11
Kuala Lumpur,Tropical,1999-08-01,24.85,134.85
Kuala Lumpur,Tropical,1999-09-01,25.21,263.1
Kuala Lumpur,Tropical,1999-10-01,25.09,314.34
Kuala Lumpur,Tropical,1999-11-01,25.04,359.7
Kuala Lumpur,Tropical,1999-12-01,24.28,211.11
Kuala Lumpur,Tropical,2000-01-01,24.27,286.44
Kuala Lumpur,Tropical,2000-02-01,24.91,128.18
Kuala Lumpur,Tropical,2000-03-01,25.28,167.4
Kuala Lumpur,Tropical,2000-04-01,25.61,248.1
Kuala Lumpur,Tropical,2000-05-01,25.78,144.77
Kuala Lumpur,Tropical,2000-06-01,25.28,115.2
Kuala Lumpur,Tropical,2000-07-01,25.03,160.27
Kuala Lumpur,Tropical,2000-08-01,24.83,243.35
Kuala Lumpur,Tropical,2000-09-01,25.47,245.4
Kuala Lumpur,Tropical,2000-10-01,25.11,262.57
Kuala Lumpur,Tropical,2000-11-01,25.37,299.7
Kuala Lumpur,Tropical,2000-12-01,25.07,301.01
Kuala Lumpur,Tropical,2001-01-01,24.81,314.03
Kuala Lumpur,Tropical,2001-02-01,24.76,134.96
Kuala Lumpur,Tropical,2001-03-01,25.22,202.74
Kuala Lumpur,Tropical,2001-04-01,26.13,419.1
Kuala Lumpur,Tropical,2001-05-01,25.98,121.21
Kuala Lumpur,Tropical,2001-06-01,25.12,165.6
Kuala Lumpur,Tropical,2001-07-01,25.2,182.9
Kuala Lumpur,Tropical,2001-08-01,25.02,156.55
Kuala Lumpur,Tropical,2001-09-01,25.27,186.6
Kuala Lumpur,Tropical,2001-10-01,25.18,261.95
Kuala Lumpur,Tropical,2001-11-01,24.85,213.9
Kuala Lumpur,Tropical,2001-12-01,24.64,155.0
Kuala Lumpur,Tropical,2002-01-01,24.5,98.27
Kuala Lumpur,Tropical,2002-02-01,24.39,106.4
Kuala Lumpur,Tropical,2002-03-01,25.79,154.69
Kuala Lumpur,Tropical,2002-04-01,26.23,379.8
Kuala Lumpur,Tropical,2002-05-01,26.12,104.16
Kuala Lumpur,Tropical,2002-06-01,25.68,111.6
Kuala Lumpur,Tropical,2002-07-01,25.42,178.56
Kuala Lumpur,Tropical,2002-08-01,25.24,211.42
Kuala Lumpur,Tropical,2002-09-01,25.11,286.5
Kuala Lumpur,Tropical,2002-10-01,25.61,222.89
Kuala Lumpur,Tropical,2002-11-01,25.44,340.5
Kuala Lumpur,Tropical,2002-12-01,25.34,252.34
Kuala Lumpur,Tropical,2003-01-01,24.67,178.87
Kuala Lumpur,Tropical,2003-02-01,25.03,200.76
Kuala Lumpur,Tropical,2003-03-01,25.85,249.24
Kuala Lumpur,Tropical,2003-04-01,26.24,312.6
Kuala Lumpur,Tropical,2003-05-01,26.15,110.05
Kuala Lumpur,Tropical,2003-06-01,25.57,116.1
Kuala Lumpur,Tropical,2003-07-01,24.99,185.69
Kuala Lumpur,Tropical,2003-08-01,25.32,151.59
Kuala Lumpur,Tropical,2003-09-01,25.21,140.7
Kuala Lumpur,Tropical,2003-10-01,24.98,294.5
Kuala Lumpur,Tropical,2003-11-01,25.31,348.9
Kuala Lumpur,Tropical,2003-12-01,24.57,243.35
Kuala Lumpur,Tropical,2004-01-01,24.81,189.72
Kuala Lumpur,Tropical,2004-02-01,24.91,235.19
Kuala Lumpur,Tropical,2004-03-01,25.64,214.21
Kuala Lumpur,Tropical,2004-04-01,26.51,265.5
Kuala Lumpur,Tropical,2004-05-01,26.32,112.84
Kuala Lumpur,Tropical,2004-06-01,25.3,55.2
Kuala Lumpur,Tropical,2004-07-01,24.97,297.29
Kuala Lumpur,Tropical,2004-08-01,25.15,129.58
Kuala Lumpur,Tropical,2004-09-01,25.22,163.8
Kuala Lumpur,Tropical,2004-10-01,25.2,279.93
Kuala Lumpur,Tropical,2004-11-01,25.27,323.7
Kuala Lumpur,Tropical,2004-12-01,24.56,138.88
Kuala Lumpur,Tropical,2005-01-01,24.37,56.11
Kuala Lumpur,Tropical,2005-02-01,25.42,150.36
Kuala Lumpur,Tropical,2005-03-01,25.66,187.55
Kuala Lumpur,Tropical,2005-04-01,26.23,209.7
Kuala Lumpur,Tropical,2005-05-01,26.17,190.34
Kuala Lumpur,Tropical,2005-06-01,25.87,86.1
Kuala Lumpur,Tropical,2005-07-01,25.36,193.75
Kuala Lumpur,Tropical,2005-08-01,25.21,202.12
Kuala Lumpur,Tropical,2005-09-01,25.57,170.4
Kuala Lumpur,Tropical,2005-10-01,25.37,302.87
Kuala Lumpur,Tropical,2005-11-01,25.02,194.4
Kuala Lumpur,Tropical,2005-12-01,24.65,224.13
Kuala Lumpur,Tropical,2006-01-01,24.81,254.51
Kuala Lumpur,Tropical,2006-02-01,25.19,332.92
Kuala Lumpur,Tropical,2006-03-01,25.78,212.04
Kuala Lumpur,Tropical,2006-04-01,25.76,213.6
Kuala Lumpur,Tropical,2006-05-01,25.67,188.17
Kuala Lumpur,Tropical,2006-06-01,25.42,144.9
Kuala Lumpur,Tropical,2006-07-01,25.08,158.41
Kuala Lumpur,Tropical,2006-08-01,25.24,207.7
Kuala Lumpur,Tropical,2006-09-01,24.88,256.5
Kuala Lumpur,Tropical,2006-10-01,25.37,322.09
Kuala Lumpur,Tropical,2006-11-01,25.36,402.0
Kuala Lumpur,Tropical,2006-12-01,25.1,298.22
Kuala Lumpur,Tropical,2007-01-01,24.62,306.9
Kuala Lumpur,Tropical,2007-02-01,25.02,139.72
Kuala Lumpur,Tropical,2007-03-01,25.45,227.23
Kuala Lumpur,Tropical,2007-04-01,26.04,444.6
Kuala Lumpur,Tropical,2007-05-01,25.81,91.14
Kuala Lumpur,Tropical,2007-06-01,25.83,193.5
Kuala Lumpur,Tropical,2007-07-01,25.18,165.85
Kuala Lumpur,Tropical,2007-08-01,25.13,149.42
Kuala Lumpur,Tropical,2007-09-01,25.14,151.8
Kuala Lumpur,Tropical,2007-10-01,25.31,312.17
Kuala Lumpur,Tropical,2007-11-01,24.84,210.3
Kuala Lumpur,Tropical,2007-12-01,24.42,181.35
Kuala Lumpur,Tropical,2008-01-01,24.96,279.0
Kuala Lumpur,Tropical,2008-02-01,24.39,141.81
Kuala Lumpur,Tropical,2008-03-01,25.06,426.87
Kuala Lumpur,Tropical,2008-04-01,25.69,270.3
Kuala Lumpur,Tropical,2008-05-01,25.54,108.5
Kuala Lumpur,Tropical,2008-06-01,25.42,209.1
Kuala Lumpur,Tropical,2008-07-01,24.91,144.15
Kuala Lumpur,Tropical,2008-08-01,25.24,228.16
Kuala Lumpur,Tropical,2008-09-01,25.11,167.4
Kuala Lumpur,Tropical,2008-10-01,25.61,347.51
Kuala Lumpur,Tropical,2008-11-01,25.18,378.3
Kuala Lumpur,Tropical,2008-12-01,24.48,211.11
Kuala Lumpur,Tropical,2009-01-01,24.1,219.79
Kuala Lumpur,Tropical,2009-02-01,24.91,216.72
Kuala Lumpur,Tropical,2009-03-01,25.31,305.66
Kuala Lumpur,Tropical,2009-04-01,25.83,216.9
Kuala Lumpur,Tropical,2009-05-01,26.01,68.51
Kuala Lumpur,Tropical,2009-06-01,25.9,120.3
Kuala Lumpur,Tropical,2009-07-01,25.3,142.29
Kuala Lumpur,Tropical,2009-08-01,25.48,189.72
Kuala Lumpur,Tropical,2009-09-01,25.54,213.3
Kuala Lumpur,Tropical,2009-10-01,25.51,227.23
Kuala Lumpur,Tropical,2009-11-01,25.19,307.2
Kuala Lumpur,Tropical,2009-12-01,24.73,351.54
Kuala Lumpur,Tropical,2010-01-01,24.78,166.47
Kuala Lumpur,Tropical,2010-02-01,25.68,213.08
Kuala Lumpur,Tropical,2010-03-01,26.16,196.54
Kuala Lumpur,Tropical,2010-04-01,26.66,336.6
Kuala Lumpur,Tropical,2010-05-01,26.98,306.59
Kuala Lumpur,Tropical,2010-06-01,26.01,211.2
Kuala Lumpur,Tropical,2010-07-01,25.39,195.3
Kuala Lumpur,Tropical,2010-08-01,25.36,183.83
Kuala Lumpur,Tropical,2010-09-01,25.83,225.0
Kuala Lumpur,Tropical,2010-10-01,25.42,126.48
Kuala Lumpur,Tropical,2010-11-01,25.09,258.0
Kuala Lumpur,Tropical,2010-12-01,24.19,233.43
Kuala Lumpur,Tropical,2011-01-01,24.01,226.61
Kuala Lumpur,Tropical,2011-02-01,24.76,70.84
Kuala Lumpur,Tropical,2011-03-01,25.11,252.34
Kuala Lumpur,Tropical,2011-04-01,25.61,236.7
Kuala Lumpur,Tropical,2011-05-01,25.92,197.16
Kuala Lumpur,Tropical,2011-06-01,25.65,118.8
Kuala Lumpur,Tropical,2011-07-01,25.23,100.44
Kuala Lumpur,Tropical,2011-08-01,25.36,195.3
Kuala Lumpur,Tropical,2011-09-01,25.3,194.4
Kuala Lumpur,Tropical,2011-10-01,25.17,329.22
Kuala Lumpur,Tropical,2011-11-01,25.0,317.1
Kuala Lumpur,Tropical,2011-12-01,24.73,215.76
Kuala Lumpur,Tropical,2012-01-01,24.68,177.63
Kuala Lumpur,Tropical,2012-02-01,25.26,294.06
Kuala Lumpur,Tropical,2012-03-01,25.15,194.99
Kuala Lumpur,Tropical,2012-04-01,25.84,186.0
Kuala Lumpur,Tropical,2012-05-01,25.88,195.61
Kuala Lumpur,Tropical,2012-06-01,25.85,82.5
Kuala Lumpur,Tropical,2012-07-01,25.19,120.28
Kuala Lumpur,Tropical,2012-08-01,25.41,194.37
Kuala Lumpur,Tropical,2012-09-01,25.32,163.5
Kuala Lumpur,Tropical,2012-10-01,25.48,296.98
Kuala Lumpur,Tropical,2012-11-01,25.57,369.6
Kuala Lumpur,Tropical,2012-12-01,25.1,398.97
Kuala Lumpur,Tropical,2013-01-01,24.84,196.85
Kuala Lumpur,Tropical,2013-02-01,24.75,257.88
Kuala Lumpur,Tropical,2013-03-01,26.18,157.48
Kuala Lumpur,Tropical,2013-04-01,26.23,213.9
Kuala Lumpur,Tropical,2013-05-01,26.23,186.0
Kuala Lumpur,Tropical,2013-06-01,25.98,62.1
Kuala Lumpur,Tropical,2013-07-01,25.42,138.26
Kuala Lumpur,Tropical,2013-08-01,25.37,109.12
Kuala Lumpur,Tropical,2013-09-01,25.24,274.8
Kuala Lumpur,Tropical,2013-10-01,25.28,185.38
Kuala Lumpur,Tropical,2013-11-01,25.31,371.1
Kuala Lumpur,Tropical,2013-12-01,24.58,283.34
Kuala Lumpur,Tropical,2014-01-01,23.96,124.31
Kuala Lumpur,Tropical,2014-02-01,24.83,6.72
Kuala Lumpur,Tropical,2014-03-01,25.84,130.82
Kuala Lumpur,Tropical,2014-04-01,26.12,205.5
Kuala Lumpur,Tropical,2014-05-01,26.7,285.2
Kuala Lumpur,Tropical,2014-06-01,26.44,61.5
Kuala Lumpur,Tropical,2014-07-01,25.93,159.96
Kuala Lumpur,Tropical,2014-08-01,25.45,222.58
Kuala Lumpur,Tropical,2014-09-01,25.8,174.9
Kuala Lumpur,Tropical,2014-10-01,25.72,268.46
Kuala Lumpur,Tropical,2014-11-01,25.39,350.7
Kuala Lumpur,Tropical,2014-12-01,24.78,351.85
Kuala Lumpur,Tropical,2015-01-01,24.26,148.18
Kuala Lumpur,Tropical,2015-02-01,24.69,101.92
Kuala Lumpur,Tropical,2015-03-01,25.61,145.7
Kuala Lumpur,Tropical,2015-04-01,26.26,177.6
Kuala Lumpur,Tropical,2015-05-01,26.5,141.36
Kuala Lumpur,Tropical,2015-06-01,25.98,177.6
Kuala Lumpur,Tropical,2015-07-01,25.6,111.6
Kuala Lumpur,Tropical,2015-08-01,25.76,341.93
Kuala Lumpur,Tropical,2015-09-01,25.68,141.9
Kuala Lumpur,Tropical,2015-10-01,25.83,264.12
Kuala Lumpur,Tropical,2015-11-01,25.88,325.8
Kuala Lumpur,Tropical,2015-12-01,25.55,343.79
Kuala Lumpur,Tropical,2016-01-01,25.89,155.0
Kuala Lumpur,Tropical,2016-02-01,25.35,132.82
Kuala Lumpur,Tropical,2016-03-01,26.82,54.56
Kuala Lumpur,Tropical,2016-04-01,27.38,126.3
Kuala Lumpur,Tropical,2016-05-01,27.1,233.74
Kuala Lumpur,Tropical,2016-06-01,25.81,218.1
Kuala Lumpur,Tropical,2016-07-01,25.62,172.67
Kuala Lumpur,Tropical,2016-08-01,25.64,167.4
Kuala Lumpur,Tropical,2016-09-01,25.57,187.8
Kuala Lumpur,Tropical,2016-10-01,25.25,222.58
Kuala Lumpur,Tropical,2016-11-01,25.66,314.4
Kuala Lumpur,Tropical,2016-12-01,24.82,316.51
Kuala Lumpur,Tropical,2017-01-01,24.97,306.28
Kuala Lumpur,Tropical,2017-02-01,25.17,120.4
Kuala Lumpur,Tropical,2017-03-01,25.68,190.03
Kuala Lumpur,Tropical,2017-04-01,25.96,187.5
Kuala Lumpur,Tropical,2017-05-01,26.38,188.48
Kuala Lumpur,Tropical,2017-06-01,26.04,177.3
Kuala Lumpur,Tropical,2017-07-01,25.39,202.12
Kuala Lumpur,Tropical,2017-08-01,25.32,301.94
Kuala Lumpur,Tropical,2017-09-01,25.51,235.5
Kuala Lumpur,Tropical,2017-10-01,25.73,173.91
Kuala Lumpur,Tropical,2017-11-01,25.34,314.1
Kuala Lumpur,Tropical,2017-12-01,25.21,193.75
Kuala Lumpur,Tropical,2018-01-01,24.65,468.1
Kuala Lumpur,Tropical,2018-02-01,25.01,75.04
Kuala Lumpur,Tropical,2018-03-01,25.83,160.27
Kuala Lumpur,Tropical,2018-04-01,26.33,164.7
Kuala Lumpur,Tropical,2018-05-01,26.5,299.15
Kuala Lumpur,Tropical,2018-06-01,25.56,225.0
Kuala Lumpur,Tropical,2018-07-01,25.14,119.04
Kuala Lumpur,Tropical,2018-08-01,25.32,95.17
Kuala Lumpur,Tropical,2018-09-01,25.56,216.9
Kuala Lumpur,Tropical,2018-10-01,25.77,334.8
Kuala Lumpur,Tropical,2018-11-01,25.38,316.2
Kuala Lumpur,Tropical,2018-12-01,25.41,258.23
Kuala Lumpur,Tropical,2019-01-01,25.2,141.98
Kuala Lumpur,Tropical,2019-02-01,25.69,90.44
Kuala Lumpur,Tropical,2019-03-01,26.33,95.48
Kuala Lumpur,Tropical,2019-04-01,27.09,188.7
Kuala Lumpur,Tropical,2019-05-01,26.72,148.8
Kuala Lumpur,Tropical,2019-06-01,26.2,305.4
Kuala Lumpur,Tropical,2019-07-01,25.88,119.04
Kuala Lumpur,Tropical,2019-08-01,25.78,127.72
Kuala Lumpur,Tropical,2019-09-01,25.98,113.7
Kuala Lumpur,Tropical,2019-10-01,26.11,332.63
Kuala Lumpur,Tropical,2019-11-01,25.66,244.2
Kuala Lumpur,Tropical,2019-12-01,24.91,297.6
Kuala Lumpur,Tropical,2020-01-01,25.52,105.09
Kuala Lumpur,Tropical,2020-02-01,25.43,124.41
Kuala Lumpur,Tropical,2020-03-01,26.62,128.03
Kuala Lumpur,Tropical,2020-04-01,26.68,246.0
Kuala Lumpur,Tropical,2020-05-01,26.72,160.89
Kuala Lumpur,Tropical,2020-06-01,25.75,251.7
Kuala Lumpur,Tropical,2020-07-01,25.44,292.02
Kuala Lumpur,Tropical,2020-08-01,25.8,110.05
Kuala Lumpur,Tropical,2020-09-01,25.42,242.4
Kuala Lumpur,Tropical,2020-10-01,25.39,146.94
Kuala Lumpur,Tropical,2020-11-01,25.53,376.8
Kuala Lumpur,Tropical,2020-12-01,25.05,303.49
London,Mid-latitude,1991-01-01,3.35,62.0
London,Mid-latitude,1991-02-01,0.96,40.32
London,Mid-latitude,1991-03-01,7.65,42.78
London,Mid-latitude,1991-04-01,7.88,58.5
London,Mid-latitude,1991-05-01,10.95,22.01
London,Mid-latitude,1991-06-01,12.85,87.0
London,Mid-latitude,1991-07-01,17.63,69.75
London,Mid-latitude,1991-08-01,18.35,18.91
London,Mid-latitude,1991-09-01,15.55,44.1
London,Mid-latitude,1991-10-01,9.84,31.31
London,Mid-latitude,1991-11-01,6.24,79.8
London,Mid-latitude,1991-12-01,3.64,23.25
London,Mid-latitude,1992-01-01,2.73,22.63
London,Mid-latitude,1992-02-01,4.34,20.59
London,Mid-latitude,1992-03-01,6.79,58.59
London,Mid-latitude,1992-04-01,8.35,49.5
London,Mid-latitude,1992-05-01,13.85,58.59
London,Mid-latitude,1992-06-01,16.17,41.4
London,Mid-latitude,1992-07-01,17.37,80.29
London,Mid-latitude,1992-08-01,16.56,87.11
London,Mid-latitude,1992-09-01,13.72,81.9
London,Mid-latitude,1992-10-01,7.53,86.18
London,Mid-latitude,1992-11-01,7.25,101.1
London,Mid-latitude,1992-12-01,3.4,55.8
London,Mid-latitude,1993-01-01,5.43,68.2
London,Mid-latitude,1993-02-01,3.37,13.72
London,Mid-latitude,1993-03-01,5.62,21.08
London,Mid-latitude,1993-04-01,9.23,80.7
London,Mid-latitude,1993-05-01,11.93,52.39
London,Mid-latitude,1993-06-01,15.65,52.5
London,Mid-latitude,1993-07-01,16.06,62.62
London,Mid-latitude,1993-08-01,15.49,41.54
London,Mid-latitude,1993-09-01,12.58,94.8
London,Mid-latitude,1993-10-01,8.54,84.01
London,Mid-latitude,1993-11-01,3.98,54.6
London,Mid-latitude,1993-12-01,4.97,107.88
London,Mid-latitude,1994-01-01,4.71,87.11
London,Mid-latitude,1994-02-01,2.88,44.52
London,Mid-latitude,1994-03-01,7.1,50.84
London,Mid-latitude,1994-04-01,7.49,69.3
London,Mid-latitude,1994-05-01,10.82,93.0
London,Mid-latitude,1994-06-01,14.84,37.2
London,Mid-latitude,1994-07-01,18.64,34.1
London,Mid-latitude,1994-08-01,16.49,55.8
London,Mid-latitude,1994-09-01,12.84,82.8
London,Mid-latitude,1994-10-01,9.8,88.66
London,Mid-latitude,1994-11-01,9.73,52.5
London,Mid-latitude,1994-12-01,6.21,76.26
London,Mid-latitude,1995-01-01,4.26,122.14
London,Mid-latitude,1995-02-01,6.2,82.04
London,Mid-latitude,1995-03-01,4.81,53.32
London,Mid-latitude,1995-04-01,8.79,27.0
London,Mid-latitude,1995-05-01,11.5,27.28
London,Mid-latitude,1995-06-01,13.87,29.4
London,Mid-latitude,1995-07-01,18.83,33.79
London,Mid-latitude,1995-08-01,18.96,6.2
London,Mid-latitude,1995-09-01,13.74,105.3
London,Mid-latitude,1995-10-01,12.66,23.25
London,Mid-latitude,1995-11-01,7.24,47.1
London,Mid-latitude,1995-12-01,1.75,91.45
London,Mid-latitude,1996-01-01,3.74,51.77
London,Mid-latitude,1996-02-01,1.62,51.33
London,Mid-latitude,1996-03-01,3.88,30.69
London,Mid-latitude,1996-04-01,8.03,28.5
London,Mid-latitude,1996-05-01,9.11,49.91
London,Mid-latitude,1996-06-01,15.07,12.0
London,Mid-latitude,1996-07-01,17.07,36.58
London,Mid-latitude,1996-08-01,16.83,83.7
London,Mid-latitude,1996-09-01,13.58,29.4
London,Mid-latitude,1996-10-01,11.39,55.18
London,Mid-latitude,1996-11-01,5.19,91.8
London,Mid-latitude,1996-12-01,2.21,28.21
London,Mid-latitude,1997-01-01,0.72,16.43
London,Mid-latitude,1997-02-01,5.97,61.32
London,Mid-latitude,1997-03-01,8.03,16.74
London,Mid-latitude,1997-04-01,8.65,15.9
London,Mid-latitude,1997-05-01,11.7,46.5
London,Mid-latitude,1997-06-01,14.55,130.2
London,Mid-latitude,1997-07-01,17.33,29.45
London,Mid-latitude,1997-08-01,19.86,89.28
London,Mid-latitude,1997-09-01,14.66,15.0
London,Mid-latitude,1997-10-01,9.89,74.4
London,Mid-latitude,1997-11-01,8.25,91.5
London,Mid-latitude,1997-12-01,5.52,84.63
London,Mid-latitude,1998-01-01,4.57,85.25
London,Mid-latitude,1998-02-01,5.77,13.44
London,Mid-latitude,1998-03-01,7.46,54.87
London,Mid-latitude,1998-04-01,7.76,98.4
London,Mid-latitude,1998-05-01,13.0,25.11
London,Mid-latitude,1998-06-01,14.55,119.1
London,Mid-latitude,1998-07-01,15.87,40.61
London,Mid-latitude,1998-08-01,16.64,26.97
London,Mid-latitude,1998-09-01,14.85,103.2
London,Mid-latitude,1998-10-01,10.52,114.39
London,Mid-latitude,1998-11-01,5.03,60.9
London,Mid-latitude,1998-12-01,5.23,84.94
London,Mid-latitude,1999-01-01,5.5,80.29
London,Mid-latitude,1999-02-01,4.25,29.96
London,Mid-latitude,1999-03-01,7.14,45.88
London,Mid-latitude,1999-04-01,9.05,53.1
London,Mid-latitude,1999-05-01,12.94,33.79
London,Mid-latitude,1999-06-01,14.46,72.3
London,Mid-latitude,1999-07-01,18.14,16.74
London,Mid-latitude,1999-08-01,16.75,110.36
London,Mid-latitude,1999-09-01,15.96,99.6
London,Mid-latitude,1999-10-01,10.4,56.11
London,Mid-latitude,1999-11-01,6.91,36.0
London,Mid-latitude,1999-12-01,4.36,92.69
London,Mid-latitude,2000-01-01,3.99,27.28
London,Mid-latitude,2000-02-01,5.73,69.02
London,Mid-latitude,2000-03-01,6.77,22.01
London,Mid-latitude,2000-04-01,8.01,123.6
London,Mid-latitude,2000-05-01,12.51,93.93
London,Mid-latitude,2000-06-01,15.3,30.0
London,Mid-latitude,2000-07-01,15.53,62.31
London,Mid-latitude,2000-08-01,16.97,40.92
London,Mid-latitude,2000-09-01,15.1,106.5
London,Mid-latitude,2000-10-01,10.4,162.75
London,Mid-latitude,2000-11-01,6.97,138.6
London,Mid-latitude,2000-12-01,5.43,99.82
London,Mid-latitude,2001-01-01,2.93,92.69
London,Mid-latitude,2001-02-01,4.1,91.84
London,Mid-latitude,2001-03-01,5.06,114.08
London,Mid-latitude,2001-04-01,7.39,79.2
London,Mid-latitude,2001-05-01,12.19,32.86
London,Mid-latitude,2001-06-01,14.29,24.9
London,Mid-latitude,2001-07-01,17.71,66.03
London,Mid-latitude,2001-08-01,17.29,79.98
London,Mid-latitude,2001-09-01,13.23,70.8
London,Mid-latitude,2001-10-01,13.31,101.06
London,Mid-latitude,2001-11-01,6.61,44.4
London,Mid-latitude,2001-12-01,2.67,30.07
London,Mid-latitude,2002-01-01,5.16,61.69
London,Mid-latitude,2002-02-01,6.56,71.4
London,Mid-latitude,2002-03-01,7.12,55.8
London,Mid-latitude,2002-04-01,8.99,36.0
London,Mid-latitude,2002-05-01,11.92,72.54
London,Mid-latitude,2002-06-01,14.71,60.0
London,Mid-latitude,2002-07-01,16.63,88.04
London,Mid-latitude,2002-08-01,17.58,62.0
London,Mid-latitude,2002-09-01,14.21,38.7
London,Mid-latitude,2002-10-01,10.38,82.15
London,Mid-latitude,2002-11-01,8.68,128.1
London,Mid-latitude,2002-12-01,5.57,125.55
London,Mid-latitude,2003-01-01,3.68,75.64
London,Mid-latitude,2003-02-01,3.18,35.84
London,Mid-latitude,2003-03-01,6.92,23.56
London,Mid-latitude,2003-04-01,8.63,32.4
London,Mid-latitude,2003-05-01,12.0,50.84
London,Mid-latitude,2003-06-01,16.23,65.4
London,Mid-latitude,2003-07-01,17.77,51.15
London,Mid-latitude,2003-08-01,18.93,20.15
London,Mid-latitude,2003-09-01,14.51,17.1
London,Mid-latitude,2003-10-01,8.93,43.09
London,Mid-latitude,2003-11-01,8.11,115.5
London,Mid-latitude,2003-12-01,4.51,67.27
London,Mid-latitude,2004-01-01,4.6,93.31
London,Mid-latitude,2004-02-01,4.47,28.13
London,Mid-latitude,2004-03-01,5.66,36.89
London,Mid-latitude,2004-04-01,9.14,69.6
London,Mid-latitude,2004-05-01,12.39,50.53
London,Mid-latitude,2004-06-01,15.79,46.2
London,Mid-latitude,2004-07-01,16.67,57.97
London,Mid-latitude,2004-08-01,17.91,137.64
London,Mid-latitude,2004-09-01,15.06,26.4
London,Mid-latitude,2004-10-01,10.88,88.35
London,Mid-latitude,2004-11-01,7.12,41.1
London,Mid-latitude,2004-12-01,4.58,48.05
London,Mid-latitude,2005-01-01,5.35,27.9
London,Mid-latitude,2005-02-01,3.35,31.36
London,Mid-latitude,2005-03-01,6.31,41.85
London,Mid-latitude,2005-04-01,9.07,47.4
London,Mid-latitude,2005-05-01,11.46,31.31
London,Mid-latitude,2005-06-01,16.36,33.3
London,Mid-latitude,2005-07-01,17.48,70.99
London,Mid-latitude,2005-08-01,16.82,56.73
London,Mid-latitude,2005-09-01,15.83,51.3
London,Mid-latitude,2005-10-01,13.38,82.15
London,Mid-latitude,2005-11-01,5.89,42.9
London,Mid-latitude,2005-12-01,3.77,44.64
London,Mid-latitude,2006-01-01,3.36,28.21
London,Mid-latitude,2006-02-01,2.94,52.36
London,Mid-latitude,2006-03-01,4.22,42.47
London,Mid-latitude,2006-04-01,8.56,34.2
London,Mid-latitude,2006-05-01,12.57,90.83
London,Mid-latitude,2006-06-01,16.56,25.8
London,Mid-latitude,2006-07-01,20.63,32.24
London,Mid-latitude,2006-08-01,16.84,71.92
London,Mid-latitude,2006-09-01,17.39,69.9
London,Mid-latitude,2006-10-01,13.27,82.77
London,Mid-latitude,2006-11-01,8.13,71.1
London,Mid-latitude,2006-12-01,6.61,75.33
London,Mid-latitude,2007-01-01,6.53,62.62
London,Mid-latitude,2007-02-01,5.79,81.2
London,Mid-latitude,2007-03-01,6.88,42.78
London,Mid-latitude,2007-04-01,11.35,2.4
London,Mid-latitude,2007-05-01,12.44,108.5
London,Mid-latitude,2007-06-01,15.7,96.3
London,Mid-latitude,2007-07-01,16.06,90.21
London,Mid-latitude,2007-08-01,16.46,40.3
London,Mid-latitude,2007-09-01,14.35,25.5
London,Mid-latitude,2007-10-01,10.78,46.5
London,Mid-latitude,2007-11-01,6.66,49.2
London,Mid-latitude,2007-12-01,4.52,48.05
London,Mid-latitude,2008-01-01,6.43,73.47
London,Mid-latitude,2008-02-01,5.04,22.62
London,Mid-latitude,2008-03-01,5.75,80.29
London,Mid-latitude,2008-04-01,8.04,51.0
London,Mid-latitude,2008-05-01,13.58,80.6
London,Mid-latitude,2008-06-01,15.17,42.9
London,Mid-latitude,2008-07-01,17.28,59.21
London,Mid-latitude,2008-08-01,17.01,68.82
London,Mid-latitude,2008-09-01,13.62,54.6
London,Mid-latitude,2008-10-01,9.77,52.39
London,Mid-latitude,2008-11-01,6.86,77.7
London,Mid-latitude,2008-12-01,3.13,33.79
London,Mid-latitude,2009-01-01,2.15,60.45
London,Mid-latitude,2009-02-01,3.29,57.4
London,Mid-latitude,2009-03-01,6.41,36.27
London,Mid-latitude,2009-04-01,10.2,36.6
London,Mid-latitude,2009-05-01,12.75,39.68
London,Mid-latitude,2009-06-01,15.61,34.8
London,Mid-latitude,2009-07-01,16.91,76.88
London,Mid-latitude,2009-08-01,18.06,28.52
London,Mid-latitude,2009-09-01,14.99,24.6
London,Mid-latitude,2009-10-01,11.47,52.08
London,Mid-latitude,2009-11-01,8.87,132.3
London,Mid-latitude,2009-12-01,3.18,89.28
London,Mid-latitude,2010-01-01,0.47,51.46
London,Mid-latitude,2010-02-01,2.42,96.32
London,Mid-latitude,2010-03-01,5.51,50.53
London,Mid-latitude,2010-04-01,8.75,18.9
London,Mid-latitude,2010-05-01,10.66,35.96
London,Mid-latitude,2010-06-01,15.74,31.2
London,Mid-latitude,2010-07-01,18.33,26.66
London,Mid-latitude,2010-08-01,16.33,93.62
London,Mid-latitude,2010-09-01,13.88,54.0
London,Mid-latitude,2010-10-01,10.39,87.73
London,Mid-latitude,2010-11-01,5.4,54.6
London,Mid-latitude,2010-12-01,-0.31,35.96
London,Mid-latitude,2011-01-01,3.3,78.12
London,Mid-latitude,2011-02-01,5.82,56.28
London,Mid-latitude,2011-03-01,6.19,16.74
London,Mid-latitude,2011-04-01,11.62,6.6
London,Mid-latitude,2011-05-01,12.46,31.31
London,Mid-latitude,2011-06-01,14.85,71.1
London,Mid-latitude,2011-07-01,15.76,50.22
London,Mid-latitude,2011-08-01,16.41,57.04
London,Mid-latitude,2011-09-01,15.53,36.3
London,Mid-latitude,2011-10-01,12.51,29.76
London,Mid-latitude,2011-11-01,9.48,36.3
London,Mid-latitude,2011-12-01,5.43,86.49
London,Mid-latitude,2012-01-01,4.81,44.02
London,Mid-latitude,2012-02-01,2.81,19.72
London,Mid-latitude,2012-03-01,7.78,29.14
London,Mid-latitude,2012-04-01,7.52,115.2
London,Mid-latitude,2012-05-01,12.53,58.59
London,Mid-latitude,2012-06-01,14.33,123.3
London,Mid-latitude,2012-07-01,15.98,100.13
London,Mid-latitude,2012-08-01,17.24,43.4
London,Mid-latitude,2012-09-01,13.34,51.6
London,Mid-latitude,2012-10-01,10.0,107.57
London,Mid-latitude,2012-11-01,6.38,90.9
London,Mid-latitude,2012-12-01,4.58,121.21
London,Mid-latitude,2013-01-01,2.89,52.7
London,Mid-latitude,2013-02-01,2.02,36.96
London,Mid-latitude,2013-03-01,2.45,66.65
London,Mid-latitude,2013-04-01,6.89,37.2
London,Mid-latitude,2013-05-01,10.52,61.69
London,Mid-latitude,2013-06-01,14.02,36.6
London,Mid-latitude,2013-07-01,18.43,44.02
London,Mid-latitude,2013-08-01,17.31,59.52
London,Mid-latitude,2013-09-01,13.97,48.6
London,Mid-latitude,2013-10-01,12.29,112.22
London,Mid-latitude,2013-11-01,5.82,51.9
London,Mid-latitude,2013-12-01,5.77,80.6
London,Mid-latitude,2014-01-01,5.85,94.55
London,Mid-latitude,2014-02-01,5.97,73.36
London,Mid-latitude,2014-03-01,7.28,24.18
London,Mid-latitude,2014-04-01,10.22,39.9
London,Mid-latitude,2014-05-01,12.43,82.46
London,Mid-latitude,2014-06-01,15.52,39.6
London,Mid-latitude,2014-07-01,18.36,56.42
London,Mid-latitude,2014-08-01,15.61,84.63
London,Mid-latitude,2014-09-01,15.53,17.1
London,Mid-latitude,2014-10-01,12.64,89.59
London,Mid-latitude,2014-11-01,8.48,111.3
London,Mid-latitude,2014-12-01,4.51,54.25
London,Mid-latitude,2015-01-01,3.86,79.98
London,Mid-latitude,2015-02-01,3.11,50.96
London,Mid-latitude,2015-03-01,5.76,28.21
London,Mid-latitude,2015-04-01,8.81,23.4
London,Mid-latitude,2015-05-01,11.42,62.0
London,Mid-latitude,2015-06-01,14.85,26.4
London,Mid-latitude,2015-07-01,16.93,77.81
London,Mid-latitude,2015-08-01,16.76,117.8
London,Mid-latitude,2015-09-01,12.71,55.2
London,Mid-latitude,2015-10-01,10.67,59.21
London,Mid-latitude,2015-11-01,9.44,71.1
London,Mid-latitude,2015-12-01,9.86,69.44
London,Mid-latitude,2016-01-01,5.15,93.62
London,Mid-latitude,2016-02-01,4.43,38.86
London,Mid-latitude,2016-03-01,5.3,72.23
London,Mid-latitude,2016-04-01,7.32,52.2
London,Mid-latitude,2016-05-01,12.55,49.29
London,Mid-latitude,2016-06-01,15.32,121.5
London,Mid-latitude,2016-07-01,17.51,25.11
London,Mid-latitude,2016-08-01,17.85,31.0
London,Mid-latitude,2016-09-01,16.63,34.2
London,Mid-latitude,2016-10-01,10.51,27.9
London,Mid-latitude,2016-11-01,5.67,80.4
London,Mid-latitude,2016-12-01,5.74,20.46
London,Mid-latitude,2017-01-01,2.44,70.68
London,Mid-latitude,2017-02-01,5.76,47.04
London,Mid-latitude,2017-03-01,8.49,38.75
London,Mid-latitude,2017-04-01,9.1,15.3
London,Mid-latitude,2017-05-01,13.38,65.41
London,Mid-latitude,2017-06-01,17.22,62.4
London,Mid-latitude,2017-07-01,17.9,74.09
London,Mid-latitude,2017-08-01,16.68,73.78
London,Mid-latitude,2017-09-01,13.82,55.5
London,Mid-latitude,2017-10-01,12.25,27.9
London,Mid-latitude,2017-11-01,6.19,45.9
London,Mid-latitude,2017-12-01,4.35,98.58
London,Mid-latitude,2018-01-01,5.17,68.51
London,Mid-latitude,2018-02-01,1.97,37.24
London,Mid-latitude,2018-03-01,4.78,93.31
London,Mid-latitude,2018-04-01,10.0,81.3
London,Mid-latitude,2018-05-01,13.45,48.36
London,Mid-latitude,2018-06-01,16.52,5.4
London,Mid-latitude,2018-07-01,20.54,28.52
London,Mid-latitude,2018-08-01,18.03,73.47
London,Mid-latitude,2018-09-01,14.37,37.8
London,Mid-latitude,2018-10-01,10.93,42.47
London,Mid-latitude,2018-11-01,7.82,77.7
London,Mid-latitude,2018-12-01,6.41,80.91
London,Mid-latitude,2019-01-01,2.7,29.45
London,Mid-latitude,2019-02-01,6.03,43.96
London,Mid-latitude,2019-03-01,7.85,59.83
London,Mid-latitude,2019-04-01,8.83,17.1
London,Mid-latitude,2019-05-01,11.92,35.65
London,Mid-latitude,2019-06-01,15.34,103.8
London,Mid-latitude,2019-07-01,18.73,70.37
London,Mid-latitude,2019-08-01,17.98,43.71
London,Mid-latitude,2019-09-01,14.91,75.9
London,Mid-latitude,2019-10-01,10.72,98.27
London,Mid-latitude,2019-11-01,6.39,98.4
London,Mid-latitude,2019-12-01,5.9,104.16
London,Mid-latitude,2020-01-01,5.95,60.14
London,Mid-latitude,2020-02-01,6.36,107.88
London,Mid-latitude,2020-03-01,6.0,46.19
London,Mid-latitude,2020-04-01,9.99,36.6
London,Mid-latitude,2020-05-01,12.75,3.72
London,Mid-latitude,2020-06-01,15.43,68.1
London,Mid-latitude,2020-07-01,17.06,46.5
London,Mid-latitude,2020-08-01,19.09,71.92
London,Mid-latitude,2020-09-01,15.03,43.5
London,Mid-latitude,2020-10-01,10.63,157.17
London,Mid-latitude,2020-11-01,8.55,49.5
London,Mid-latitude,2020-12-01,5.03,114.08
Manila,Tropical,1991-01-01,23.17,70.68
Manila,Tropical,1991-02-01,23.95,136.08
Manila,Tropical,1991-03-01,24.45,65.1
Manila,Tropical,1991-04-01,27.04,66.0
Manila,Tropical,1991-05-01,27.69,106.64
Manila,Tropical,1991-06-01,26.86,227.1
Manila,Tropical,1991-07-01,26.07,259.47
Manila,Tropical,1991-08-01,25.67,322.4
Manila,Tropical,1991-09-01,25.67,177.9
Manila,Tropical,1991-10-01,25.53,132.99
Manila,Tropical,1991-11-01,24.25,233.1
Manila,Tropical,1991-12-01,23.39,172.98
Manila,Tropical,1992-01-01,23.46,70.37
Manila,Tropical,1992-02-01,24.15,51.91
Manila,Tropical,1992-03-01,25.88,35.96
Manila,Tropical,1992-04-01,28.09,42.6
Manila,Tropical,1992-05-01,27.88,100.75
Manila,Tropical,1992-06-01,27.8,111.3
Manila,Tropical,1992-07-01,26.18,325.19
Manila,Tropical,1992-08-01,25.88,270.32
Manila,Tropical,1992-09-01,25.52,190.2
Manila,Tropical,1992-10-01,25.43,237.77
Manila,Tropical,1992-11-01,23.86,340.8
Manila,Tropical,1992-12-01,23.49,123.69
Manila,Tropical,1993-01-01,23.04,100.75
Manila,Tropical,1993-02-01,23.92,50.4
Manila,Tropical,1993-03-01,25.25,29.76
Manila,Tropical,1993-04-01,27.22,47.7
Manila,Tropical,1993-05-01,28.18,39.99
Manila,Tropical,1993-06-01,28.28,135.9
Manila,Tropical,1993-07-01,26.5,178.56
Manila,Tropical,1993-08-01,25.84,244.28
Manila,Tropical,1993-09-01,25.51,189.6
Manila,Tropical,1993-10-01,25.12,269.7
Manila,Tropical,1993-11-01,24.99,265.8
Manila,Tropical,1993-12-01,23.96,591.17
Manila,Tropical,1994-01-01,23.47,194.06
Manila,Tropical,1994-02-01,23.96,59.64
Manila,Tropical,1994-03-01,25.07,64.17
Manila,Tropical,1994-04-01,27.09,105.3
Manila,Tropical,1994-05-01,27.99,101.68
Manila,Tropical,1994-06-01,26.81,244.5
Manila,Tropical,1994-07-01,25.42,206.15
Manila,Tropical,1994-08-01,25.95,125.55
Manila,Tropical,1994-09-01,25.74,206.4
Manila,Tropical,1994-10-01,25.24,203.67
Manila,Tropical,1994-11-01,24.25,109.5
Manila,Tropical,1994-12-01,23.77,222.58
Manila,Tropical,1995-01-01,23.27,114.39
Manila,Tropical,1995-02-01,23.53,145.32
Manila,Tropical,1995-03-01,24.73,32.86
Manila,Tropical,1995-04-01,26.9,30.0
Manila,Tropical,1995-05-01,27.16,154.69
Manila,Tropical,1995-06-01,27.32,218.1
Manila,Tropical,1995-07-01,26.28,226.3
Manila,Tropical,1995-08-01,26.18,261.33
Manila,Tropical,1995-09-01,26.05,414.9
Manila,Tropical,1995-10-01,25.79,330.46
Manila,Tropical,1995-11-01,25.28,289.5
Manila,Tropical,1995-12-01,23.16,577.84
Manila,Tropical,1996-01-01,22.94,125.24
Manila,Tropical,1996-02-01,23.1,55.97
Manila,Tropical,1996-03-01,25.31,50.84
Manila,Tropical,1996-04-01,25.97,225.6
Manila,Tropical,1996-05-01,27.13,126.17
Manila,Tropical,1996-06-01,26.62,201.3
Manila,Tropical,1996-07-01,26.31,270.01
Manila,Tropical,1996-08-01,26.18,123.69
Manila,Tropical,1996-09-01,26.2,206.4
Manila,Tropical,1996-10-01,26.06,242.73
Manila,Tropical,1996-11-01,25.19,471.3
Manila,Tropical,1996-12-01,22.92,187.55
Manila,Tropical,1997-01-01,22.37,73.47
Manila,Tropical,1997-02-01,23.66,130.76
Manila,Tropical,1997-03-01,24.55,51.77
Manila,Tropical,1997-04-01,27.12,45.0
Manila,Tropical,1997-05-01,27.1,217.0
Manila,Tropical,1997-06-01,26.99,111.0
Manila,Tropical,1997-07-01,25.88,318.06
Manila,Tropical,1997-08-01,25.58,192.82
Manila,Tropical,1997-09-01,25.72,190.2
Manila,Tropical,1997-10-01,25.99,70.37
Manila,Tropical,1997-11-01,25.32,100.5
Manila,Tropical,1997-12-01,24.21,120.28
Manila,Tropical,1998-01-01,24.42,52.7
Manila,Tropical,1998-02-01,25.78,15.4
Manila,Tropical,1998-03-01,26.21,38.75
Manila,Tropical,1998-04-01,28.05,16.8
Manila,Tropical,1998-05-01,28.23,114.7
Manila,Tropical,1998-06-01,28.13,153.6
Manila,Tropical,1998-07-01,27.29,163.99
Manila,Tropical,1998-08-01,26.69,183.21
Manila,Tropical,1998-09-01,26.26,253.5
Manila,Tropical,1998-10-01,26.02,458.8
Manila,Tropical,1998-11-01,25.56,236.7
Manila,Tropical,1998-12-01,25.06,735.32
Manila,Tropical,1999-01-01,24.07,271.56
Manila,Tropical,1999-02-01,22.88,102.76
Manila,Tropical,1999-03-01,25.28,261.33
Manila,Tropical,1999-04-01,26.0,255.6
Manila,Tropical,1999-05-01,26.65,146.94
Manila,Tropical,1999-06-01,25.98,203.4
Manila,Tropical,1999-07-01,25.74,231.57
Manila,Tropical,1999-08-01,25.42,384.09
Manila,Tropical,1999-09-01,25.52,218.7
Manila,Tropical,1999-10-01,25.55,392.15
Manila,Tropical,1999-11-01,24.71,392.7
Manila,Tropical,1999-12-01,23.97,513.98
Manila,Tropical,2000-01-01,23.42,169.88
Manila,Tropical,2000-02-01,24.02,193.43
Manila,Tropical,2000-03-01,25.09,170.5
Manila,Tropical,2000-04-01,26.74,81.9
Manila,Tropical,2000-05-01,26.78,184.14
Manila,Tropical,2000-06-01,26.36,192.9
Manila,Tropical,2000-07-01,25.46,345.96
Manila,Tropical,2000-08-01,25.87,182.28
Manila,Tropical,2000-09-01,25.49,314.4
Manila,Tropical,2000-10-01,25.58,360.22
Manila,Tropical,2000-11-01,25.22,311.7
Manila,Tropical,2000-12-01,24.65,446.71
Manila,Tropical,2001-01-01,24.12,79.67
Manila,Tropical,2001-02-01,24.44,255.92
Manila,Tropical,2001-03-01,25.18,124.62
Manila,Tropical,2001-04-01,27.14,72.0
Manila,Tropical,2001-05-01,27.54,141.67
Manila,Tropical,2001-06-01,26.7,243.9
Manila,Tropical,2001-07-01,25.69,220.1
Manila,Tropical,2001-08-01,25.98,230.02
Manila,Tropical,2001-09-01,25.65,51.9
Manila,Tropical,2001-10-01,25.69,298.22
Manila,Tropical,2001-11-01,24.45,288.6
Manila,Tropical,2001-12-01,23.51,392.15
Manila,Tropical,2002-01-01,23.09,70.37
Manila,Tropical,2002-02-01,23.23,92.68
Manila,Tropical,2002-03-01,24.94,73.16
Manila,Tropical,2002-04-01,26.9,58.5
Manila,Tropical,2002-05-01,27.48,111.91
Manila,Tropical,2002-06-01,27.81,173.4
Manila,Tropical,2002-07-01,26.05,499.41
Manila,Tropical,2002-08-01,26.09,264.74
Manila,Tropical,2002-09-01,25.7,262.5
Manila,Tropical,2002-10-01,25.93,299.77
Manila,Tropical,2002-11-01,24.85,414.9
Manila,Tropical,2002-12-01,24.63,219.48
Manila,Tropical,2003-01-01,22.89,87.11
Manila,Tropical,2003-02-01,23.55,47.6
Manila,Tropical,2003-03-01,25.56,29.76
Manila,Tropical,2003-04-01,28.36,50.7
Manila,Tropical,2003-05-01,27.88,262.57
Manila,Tropical,2003-06-01,26.31,165.0
Manila,Tropical,2003-07-01,26.45,243.04
Manila,Tropical,2003-08-01,25.94,243.97
Manila,Tropical,2003-09-01,25.76,261.9
Manila,Tropical,2003-10-01,25.65,173.6
Manila,Tropical,2003-11-01,25.34,219.3
Manila,Tropical,2003-12-01,22.93,169.26
Manila,Tropical,2004-01-01,23.82,87.11
Manila,Tropical,2004-02-01,24.04,104.11
Manila,Tropical,2004-03-01,26.31,47.12
Manila,Tropical,2004-04-01,27.94,52.2
Manila,Tropical,2004-05-01,27.1,212.35
Manila,Tropical,2004-06-01,25.89,203.1
Manila,Tropical,2004-07-01,26.11,262.26
Manila,Tropical,2004-08-01,25.45,258.23
Manila,Tropical,2004-09-01,26.19,115.5
Manila,Tropical,2004-10-01,25.27,281.48
Manila,Tropical,2004-11-01,24.97,434.4
Manila,Tropical,2004-12-01,23.85,196.23
Manila,Tropical,2005-01-01,22.96,101.68
Manila,Tropical,2005-02-01,24.62,36.68
Manila,Tropical,2005-03-01,25.5,64.79
Manila,Tropical,2005-04-01,26.97,62.1
Manila,Tropical,2005-05-01,28.93,80.6
Manila,Tropical,2005-06-01,26.76,220.5
Manila,Tropical,2005-07-01,26.29,239.32
Manila,Tropical,2005-08-01,26.26,217.0
Manila,Tropical,2005-09-01,25.94,383.1
Manila,Tropical,2005-10-01,25.97,388.12
Manila,Tropical,2005-11-01,25.44,250.2
Manila,Tropical,2005-12-01,23.98,626.82
Manila,Tropical,2006-01-01,24.11,221.34
Manila,Tropical,2006-02-01,24.11,104.16
Manila,Tropical,2006-03-01,25.29,152.21
Manila,Tropical,2006-04-01,26.91,17.4
Manila,Tropical,2006-05-01,27.21,156.86
Manila,Tropical,2006-06-01,27.11,226.5
Manila,Tropical,2006-07-01,25.99,309.69
Manila,Tropical,2006-08-01,25.75,205.53
Manila,Tropical,2006-09-01,26.15,359.4
Manila,Tropical,2006-10-01,25.73,257.92
Manila,Tropical,2006-11-01,25.42,155.1
Manila,Tropical,2006-12-01,24.64,392.77
Manila,Tropical,2007-01-01,23.87,130.51
Manila,Tropical,2007-02-01,24.0,45.08
Manila,Tropical,2007-03-01,25.48,58.9
Manila,Tropical,2007-04-01,27.69,70.8
Manila,Tropical,2007-05-01,27.74,152.21
Manila,Tropical,2007-06-01,27.38,175.2
Manila,Tropical,2007-07-01,26.91,172.98
Manila,Tropical,2007-08-01,26.15,318.06
Manila,Tropical,2007-09-01,25.99,276.9
Manila,Tropical,2007-10-01,25.58,283.96
Manila,Tropical,2007-11-01,24.8,483.6
Manila,Tropical,2007-12-01,24.41,312.48
Manila,Tropical,2008-01-01,23.65,281.79
Manila,Tropical,2008-02-01,23.61,287.97
Manila,Tropical,2008-03-01,25.03,102.61
Manila,Tropical,2008-04-01,26.25,132.0
Manila,Tropical,2008-05-01,26.44,302.25
Manila,Tropical,2008-06-01,26.51,266.1
Manila,Tropical,2008-07-01,25.89,203.05
Manila,Tropical,2008-08-01,25.96,253.27
Manila,Tropical,2008-09-01,25.96,263.7
Manila,Tropical,2008-10-01,26.12,400.21
Manila,Tropical,2008-11-01,25.26,404.4
Manila,Tropical,2008-12-01,23.72,374.48
Manila,Tropical,2009-01-01,22.7,231.57
Manila,Tropical,2009-02-01,24.25,120.96
Manila,Tropical,2009-03-01,25.71,122.76
Manila,Tropical,2009-04-01,26.31,399.0
Manila,Tropical,2009-05-01,26.23,367.97
Manila,Tropical,2009-06-01,26.18,288.3
Manila,Tropical,2009-07-01,26.08,270.01
Manila,Tropical,2009-08-01,26.62,199.02
Manila,Tropical,2009-09-01,26.03,518.1
Manila,Tropical,2009-10-01,25.37,334.49
Manila,Tropical,2009-11-01,25.24,198.0
Manila,Tropical,2009-12-01,23.37,76.88
Manila,Tropical,2010-01-01,23.78,104.78
Manila,Tropical,2010-02-01,24.91,12.04
Manila,Tropical,2010-03-01,26.11,61.07
Manila,Tropical,2010-04-01,27.83,48.0
Manila,Tropical,2010-05-01,29.48,48.67
Manila,Tropical,2010-06-01,28.19,151.8
Manila,Tropical,2010-07-01,26.77,453.22
Manila,Tropical,2010-08-01,26.2,251.41
Manila,Tropical,2010-09-01,26.28,222.3
Manila,Tropical,2010-10-01,25.84,292.64
Manila,Tropical,2010-11-01,25.27,430.2
Manila,Tropical,2010-12-01,24.27,334.8
Manila,Tropical,2011-01-01,23.13,209.25
Manila,Tropical,2011-02-01,23.66,111.72
Manila,Tropical,2011-03-01,24.3,197.47
Manila,Tropical,2011-04-01,25.59,57.3
Manila,Tropical,2011-05-01,27.17,224.13
Manila,Tropical,2011-06-01,26.43,473.7
Manila,Tropical,2011-07-01,26.07,322.09
Manila,Tropical,2011-08-01,26.02,301.32
Manila,Tropical,2011-09-01,25.82,285.0
Manila,Tropical,2011-10-01,25.67,364.87
Manila,Tropical,2011-11-01,25.35,455.4
Manila,Tropical,2011-12-01,24.69,534.13
Manila,Tropical,2012-01-01,24.16,203.67
Manila,Tropical,2012-02-01,24.24,288.55
Manila,Tropical,2012-03-01,24.76,253.58
Manila,Tropical,2012-04-01,26.49,52.8
Manila,Tropical,2012-05-01,27.71,212.97
Manila,Tropical,2012-06-01,26.3,149.7
Manila,Tropical,2012-07-01,26.07,528.55
Manila,Tropical,2012-08-01,25.65,464.38
Manila,Tropical,2012-09-01,26.26,397.2
Manila,Tropical,2012-10-01,25.61,365.49
Manila,Tropical,2012-11-01,25.25,127.5
Manila,Tropical,2012-12-01,24.94,201.19
Manila,Tropical,2013-01-01,23.5,172.67
Manila,Tropical,2013-02-01,24.56,200.2
Manila,Tropical,2013-03-01,25.54,94.24
Manila,Tropical,2013-04-01,28.33,28.2
Manila,Tropical,2013-05-01,28.23,129.89
Manila,Tropical,2013-06-01,27.29,347.7
Manila,Tropical,2013-07-01,26.26,404.24
Manila,Tropical,2013-08-01,25.84,534.44
Manila,Tropical,2013-09-01,25.99,469.5
Manila,Tropical,2013-10-01,25.41,262.26
Manila,Tropical,2013-11-01,25.1,417.0
Manila,Tropical,2013-12-01,24.74,324.88
Manila,Tropical,2014-01-01,22.05,47.43
Manila,Tropical,2014-02-01,23.99,36.96
Manila,Tropical,2014-03-01,25.35,76.57
Manila,Tropical,2014-04-01,27.73,26.1
Manila,Tropical,2014-05-01,29.26,86.18
Manila,Tropical,2014-06-01,27.76,161.7
Manila,Tropical,2014-07-01,26.27,305.35
Manila,Tropical,2014-08-01,26.32,290.16
Manila,Tropical,2014-09-01,26.29,376.2
Manila,Tropical,2014-10-01,25.87,414.78
Manila,Tropical,2014-11-01,25.08,237.0
Manila,Tropical,2014-12-01,24.18,456.32
Manila,Tropical,2015-01-01,22.87,111.6
Manila,Tropical,2015-02-01,23.31,61.04
Manila,Tropical,2015-03-01,24.83,58.59
Manila,Tropical,2015-04-01,27.27,34.2
Manila,Tropical,2015-05-01,29.24,38.44
Manila,Tropical,2015-06-01,28.34,142.2
Manila,Tropical,2015-07-01,26.64,255.44
Manila,Tropical,2015-08-01,26.95,233.43
Manila,Tropical,2015-09-01,26.83,239.4
Manila,Tropical,2015-10-01,26.26,277.76
Manila,Tropical,2015-11-01,25.55,156.3
Manila,Tropical,2015-12-01,24.85,650.69
Manila,Tropical,2016-01-01,24.46,90.21
Manila,Tropical,2016-02-01,24.04,146.45
Manila,Tropical,2016-03-01,25.92,103.54
Manila,Tropical,2016-04-01,28.17,36.6
Manila,Tropical,2016-05-01,28.74,132.68
Manila,Tropical,2016-06-01,27.5,203.4
Manila,Tropical,2016-07-01,27.17,244.28
Manila,Tropical,2016-08-01,26.3,354.33
Manila,Tropical,2016-09-01,26.36,231.6
Manila,Tropical,2016-10-01,26.05,387.5
Manila,Tropical,2016-11-01,25.2,365.4
Manila,Tropical,2016-12-01,24.84,459.42
Manila,Tropical,2017-01-01,23.64,259.47
Manila,Tropical,2017-02-01,23.31,168.56
Manila,Tropical,2017-03-01,24.99,65.72
Manila,Tropical,2017-04-01,27.49,104.7
Manila,Tropical,2017-05-01,28.01,171.43
Manila,Tropical,2017-06-01,27.69,192.0
Manila,Tropical,2017-07-01,26.41,357.74
Manila,Tropical,2017-08-01,26.85,307.21
Manila,Tropical,2017-09-01,26.81,456.3
Manila,Tropical,2017-10-01,26.2,359.29
Manila,Tropical,2017-11-01,25.59,468.3
Manila,Tropical,2017-12-01,24.57,485.46
Manila,Tropical,2018-01-01,24.01,223.51
Manila,Tropical,2018-02-01,24.49,94.64
Manila,Tropical,2018-03-01,24.93,97.96
Manila,Tropical,2018-04-01,26.78,74.4
Manila,Tropical,2018-05-01,27.91,126.79
Manila,Tropical,2018-06-01,26.66,386.4
Manila,Tropical,2018-07-01,25.9,455.7
Manila,Tropical,2018-08-01,25.9,278.38
Manila,Tropical,2018-09-01,26.2,308.1
Manila,Tropical,2018-10-01,25.94,155.93
Manila,Tropical,2018-11-01,25.36,122.1
Manila,Tropical,2018-12-01,24.82,475.23
Manila,Tropical,2019-01-01,23.28,105.4
Manila,Tropical,2019-02-01,23.64,28.56
Manila,Tropical,2019-03-01,26.24,17.67
Manila,Tropical,2019-04-01,28.24,51.0
Manila,Tropical,2019-05-01,28.48,208.63
Manila,Tropical,2019-06-01,27.9,187.8
Manila,Tropical,2019-07-01,26.58,244.59
Manila,Tropical,2019-08-01,26.15,322.4
Manila,Tropical,2019-09-01,26.07,276.9
Manila,Tropical,2019-10-01,26.22,168.33
Manila,Tropical,2019-11-01,25.55,198.6
Manila,Tropical,2019-12-01,24.78,320.85
Manila,Tropical,2020-01-01,24.39,136.09
Manila,Tropical,2020-02-01,23.24,737.47
Manila,Tropical,2020-03-01,25.24,575.36
Manila,Tropical,2020-04-01,26.41,605.4
Manila,Tropical,2020-05-01,27.95,245.52
Manila,Tropical,2020-06-01,27.34,598.5
Manila,Tropical,2020-07-01,26.93,252.65
Manila,Tropical,2020-08-01,26.55,247.38
Manila,Tropical,2020-09-01,27.02,270.6
Manila,Tropical,2020-10-01,26.2,1050.28
Manila,Tropical,2020-11-01,25.41,1075.5
Manila,Tropical,2020-12-01,25.01,859.94
New York,Mid-latitude,1991-01-01,1.53,110.67
New York,Mid-latitude,1991-02-01,3.06,42.84
New York,Mid-latitude,1991-03-01,4.93,129.89
New York,Mid-latitude,1991-04-01,9.21,102.0
New York,Mid-latitude,1991-05-01,16.18,79.36
New York,Mid-latitude,1991-06-01,20.4,64.2
New York,Mid-latitude,1991-07-01,23.43,101.37
New York,Mid-latitude,1991-08-01,23.48,153.45
New York,Mid-latitude,1991-09-01,19.51,104.7
New York,Mid-latitude,1991-10-01,14.35,57.97
New York,Mid-latitude,1991-11-01,8.67,57.9
New York,Mid-latitude,1991-12-01,4.69,105.4
New York,Mid-latitude,1992-01-01,1.94,51.46
New York,Mid-latitude,1992-02-01,1.34,50.17
New York,Mid-latitude,1992-03-01,2.88,93.62
New York,Mid-latitude,1992-04-01,7.19,44.7
New York,Mid-latitude,1992-05-01,12.28,94.24
New York,Mid-latitude,1992-06-01,17.98,93.0
New York,Mid-latitude,1992-07-01,21.88,137.02
New York,Mid-latitude,1992-08-01,21.51,135.78
New York,Mid-latitude,1992-09-01,19.11,89.1
New York,Mid-latitude,1992-10-01,12.69,37.51
New York,Mid-latitude,1992-11-01,8.3,135.3
New York,Mid-latitude,1992-12-01,3.84,141.36
New York,Mid-latitude,1993-01-01,2.56,68.82
New York,Mid-latitude,1993-02-01,-1.39,78.68
New York,Mid-latitude,1993-03-01,2.14,196.54
New York,Mid-latitude,1993-04-01,8.05,102.3
New York,Mid-latitude,1993-05-01,14.37,41.23
New York,Mid-latitude,1993-06-01,19.29,48.3
New York,Mid-latitude,1993-07-01,23.96,67.58
New York,Mid-latitude,1993-08-01,22.99,104.47
New York,Mid-latitude,1993-09-01,19.71,146.1
New York,Mid-latitude,1993-10-01,13.05,111.29
New York,Mid-latitude,1993-11-01,8.29,59.4
New York,Mid-latitude,1993-12-01,3.07,107.88
New York,Mid-latitude,1994-01-01,-2.71,140.74
New York,Mid-latitude,1994-02-01,-2.01,90.72
New York,Mid-latitude,1994-03-01,2.68,161.51
New York,Mid-latitude,1994-04-01,9.51,67.8
New York,Mid-latitude,1994-05-01,13.19,97.03
New York,Mid-latitude,1994-06-01,20.29,74.7
New York,Mid-latitude,1994-07-01,23.98,95.79
New York,Mid-latitude,1994-08-01,21.43,151.59
New York,Mid-latitude,1994-09-01,18.73,77.1
New York,Mid-latitude,1994-10-01,13.45,28.21
New York,Mid-latitude,1994-11-01,10.31,93.0
New York,Mid-latitude,1994-12-01,5.09,75.64
New York,Mid-latitude,1995-01-01,3.01,80.91
New York,Mid-latitude,1995-02-01,-0.12,73.08
New York,Mid-latitude,1995-03-01,4.47,40.3
New York,Mid-latitude,1995-04-01,7.89,60.3
New York,Mid-latitude,1995-05-01,13.3,71.92
New York,Mid-latitude,1995-06-01,19.38,50.4
New York,Mid-latitude,1995-07-01,23.74,97.03
New York,Mid-latitude,1995-08-01,23.58,24.8
New York,Mid-latitude,1995-09-01,19.73,99.0
New York,Mid-latitude,1995-10-01,15.96,154.38
New York,Mid-latitude,1995-11-01,7.33,136.2
New York,Mid-latitude,1995-12-01,0.8,60.45
New York,Mid-latitude,1996-01-01,-0.31,141.05
New York,Mid-latitude,1996-02-01,0.12,59.45
New York,Mid-latitude,1996-03-01,1.88,98.58
New York,Mid-latitude,1996-04-01,7.71,139.2
New York,Mid-latitude,1996-05-01,12.75,74.4
New York,Mid-latitude,1996-06-01,19.44,133.5
New York,Mid-latitude,1996-07-01,21.32,171.12
New York,Mid-latitude,1996-08-01,22.13,68.51
New York,Mid-latitude,1996-09-01,19.67,142.5
New York,Mid-latitude,1996-10-01,13.54,166.78
New York,Mid-latitude,1996-11-01,6.32,75.0
New York,Mid-latitude,1996-12-01,5.21,188.48
New York,Mid-latitude,1997-01-01,0.68,80.91
New York,Mid-latitude,1997-02-01,3.0,59.92
New York,Mid-latitude,1997-03-01,4.48,134.85
New York,Mid-latitude,1997-04-01,8.1,82.8
New York,Mid-latitude,1997-05-01,12.8,90.21
New York,Mid-latitude,1997-06-01,18.91,59.4
New York,Mid-latitude,1997-07-01,22.85,137.64
New York,Mid-latitude,1997-08-01,22.31,124.31
New York,Mid-latitude,1997-09-01,19.25,55.8
New York,Mid-latitude,1997-10-01,14.05,61.38
New York,Mid-latitude,1997-11-01,7.56,133.2
New York,Mid-latitude,1997-12-01,3.66,106.95
New York,Mid-latitude,1998-01-01,3.94,123.07
New York,Mid-latitude,1998-02-01,3.63,134.12
New York,Mid-latitude,1998-03-01,5.11,139.5
New York,Mid-latitude,1998-04-01,9.21,141.3
New York,Mid-latitude,1998-05-01,14.29,188.17
New York,Mid-latitude,1998-06-01,18.61,150.6
New York,Mid-latitude,1998-07-01,22.88,42.78
New York,Mid-latitude,1998-08-01,23.59,61.07
New York,Mid-latitude,1998-09-01,20.79,60.3
New York,Mid-latitude,1998-10-01,14.23,64.48
New York,Mid-latitude,1998-11-01,8.69,34.8
New York,Mid-latitude,1998-12-01,5.68,31.31
New York,Mid-latitude,1999-01-01,1.97,202.12
New York,Mid-latitude,1999-02-01,2.41,89.04
New York,Mid-latitude,1999-03-01,3.93,100.75
New York,Mid-latitude,1999-04-01,8.88,63.3
New York,Mid-latitude,1999-05-01,14.37,77.5
New York,Mid-latitude,1999-06-01,20.35,36.6
New York,Mid-latitude,1999-07-01,25.04,25.11
New York,Mid-latitude,1999-08-01,23.49,124.93
New York,Mid-latitude,1999-09-01,20.11,204.3
New York,Mid-latitude,1999-10-01,13.9,83.39
New York,Mid-latitude,1999-11-01,10.06,57.6
New York,Mid-latitude,1999-12-01,4.92,73.16
New York,Mid-latitude,2000-01-01,0.14,75.64
New York,Mid-latitude,2000-02-01,1.8,54.81
New York,Mid-latitude,2000-03-01,5.94,93.31
New York,Mid-latitude,2000-04-01,8.45,100.5
New York,Mid-latitude,2000-05-01,14.48,100.75
New York,Mid-latitude,2000-06-01,19.37,100.8
New York,Mid-latitude,2000-07-01,21.86,153.76
New York,Mid-latitude,2000-08-01,22.02,101.06
New York,Mid-latitude,2000-09-01,18.95,134.4
New York,Mid-latitude,2000-10-01,13.88,15.81
New York,Mid-latitude,2000-11-01,7.9,89.7
New York,Mid-latitude,2000-12-01,1.18,80.91
New York,Mid-latitude,2001-01-01,0.38,80.91
New York,Mid-latitude,2001-02-01,1.56,57.68
New York,Mid-latitude,2001-03-01,3.19,179.49
New York,Mid-latitude,2001-04-01,8.75,45.3
New York,Mid-latitude,2001-05-01,14.56,59.21
New York,Mid-latitude,2001-06-01,20.58,128.1
New York,Mid-latitude,2001-07-01,21.93,66.65
New York,Mid-latitude,2001-08-01,24.32,89.9
New York,Mid-latitude,2001-09-01,19.81,79.5
New York,Mid-latitude,2001-10-01,14.72,27.59
New York,Mid-latitude,2001-11-01,11.21,21.6
New York,Mid-latitude,2001-12-01,7.02,57.35
New York,Mid-latitude,2002-01-01,4.13,56.73
New York,Mid-latitude,2002-02-01,4.07,19.04
New York,Mid-latitude,2002-03-01,5.63,108.81
New York,Mid-latitude,2002-04-01,10.74,87.6
New York,Mid-latitude,2002-05-01,13.77,104.16
New York,Mid-latitude,2002-06-01,19.79,110.1
New York,Mid-latitude,2002-07-01,24.23,34.1
New York,Mid-latitude,2002-08-01,24.27,116.87
New York,Mid-latitude,2002-09-01,20.61,113.7
New York,Mid-latitude,2002-10-01,14.25,157.17
New York,Mid-latitude,2002-11-01,8.42,126.0
New York,Mid-latitude,2002-12-01,2.77,123.38
New York,Mid-latitude,2003-01-01,-1.4,70.06
New York,Mid-latitude,2003-02-01,-0.81,119.84
New York,Mid-latitude,2003-03-01,3.64,98.58
New York,Mid-latitude,2003-04-01,7.02,82.8
New York,Mid-latitude,2003-05-01,12.0,104.47
New York,Mid-latitude,2003-06-01,17.93,219.0
New York,Mid-latitude,2003-07-01,22.59,74.71
New York,Mid-latitude,2003-08-01,23.07,124.62
New York,Mid-latitude,2003-09-01,20.02,130.8
New York,Mid-latitude,2003-10-01,13.73,109.43
New York,Mid-latitude,2003-11-01,10.29,102.9
New York,Mid-latitude,2003-12-01,3.69,133.3
New York,Mid-latitude,2004-01-01,-2.49,43.71
New York,Mid-latitude,2004-02-01,0.95,69.89
New York,Mid-latitude,2004-03-01,4.15,88.97
New York,Mid-latitude,2004-04-01,8.56,138.0
New York,Mid-latitude,2004-05-01,15.41,92.69
New York,Mid-latitude,2004-06-01,19.68,54.6
New York,Mid-latitude,2004-07-01,22.79,136.71
New York,Mid-latitude,2004-08-01,22.54,101.37
New York,Mid-latitude,2004-09-01,20.77,167.4
New York,Mid-latitude,2004-10-01,14.05,32.86
New York,Mid-latitude,2004-11-01,9.25,93.3
New York,Mid-latitude,2004-12-01,4.28,73.47
New York,Mid-latitude,2005-01-01,0.18,86.49
New York,Mid-latitude,2005-02-01,1.52,55.44
New York,Mid-latitude,2005-03-01,2.5,88.66
New York,Mid-latitude,2005-04-01,9.17,99.3
New York,Mid-latitude,2005-05-01,12.83,46.19
New York,Mid-latitude,2005-06-01,20.25,66.6
New York,Mid-latitude,2005-07-01,23.86,80.91
New York,Mid-latitude,2005-08-01,25.27,33.48
New York,Mid-latitude,2005-09-01,22.23,30.6
New York,Mid-latitude,2005-10-01,14.8,310.31
New York,Mid-latitude,2005-11-01,10.04,96.9
New York,Mid-latitude,2005-12-01,2.55,90.21
New York,Mid-latitude,2006-01-01,4.02,117.18
New York,Mid-latitude,2006-02-01,1.88,51.24
New York,Mid-latitude,2006-03-01,4.35,22.94
New York,Mid-latitude,2006-04-01,9.83,109.5
New York,Mid-latitude,2006-05-01,14.25,88.04
New York,Mid-latitude,2006-06-01,19.41,141.6
New York,Mid-latitude,2006-07-01,23.85,105.71
New York,Mid-latitude,2006-08-01,23.95,93.0
New York,Mid-latitude,2006-09-01,19.34,108.3
New York,Mid-latitude,2006-10-01,13.99,142.29
New York,Mid-latitude,2006-11-01,10.87,141.9
New York,Mid-latitude,2006-12-01,6.57,52.08
New York,Mid-latitude,2007-01-01,3.53,96.41
New York,Mid-latitude,2007-02-01,-1.65,59.08
New York,Mid-latitude,2007-03-01,3.51,108.5
New York,Mid-latitude,2007-04-01,7.46,228.3
New York,Mid-latitude,2007-05-01,14.75,46.81
New York,Mid-latitude,2007-06-01,19.73,146.1
New York,Mid-latitude,2007-07-01,22.45,144.15
New York,Mid-latitude,2007-08-01,22.84,123.38
New York,Mid-latitude,2007-09-01,20.71,27.3
New York,Mid-latitude,2007-10-01,17.57,120.9
New York,Mid-latitude,2007-11-01,8.39,63.6
New York,Mid-latitude,2007-12-01,3.59,135.16
New York,Mid-latitude,2008-01-01,2.19,62.62
New York,Mid-latitude,2008-02-01,2.2,148.19
New York,Mid-latitude,2008-03-01,4.7,106.95
New York,Mid-latitude,2008-04-01,9.77,69.6
New York,Mid-latitude,2008-05-01,13.37,106.64
New York,Mid-latitude,2008-06-01,21.27,91.2
New York,Mid-latitude,2008-07-01,23.93,95.48
New York,Mid-latitude,2008-08-01,22.66,79.05
New York,Mid-latitude,2008-09-01,20.24,180.6
New York,Mid-latitude,2008-10-01,13.63,72.85
New York,Mid-latitude,2008-11-01,8.2,102.0
New York,Mid-latitude,2008-12-01,4.07,176.08
New York,Mid-latitude,2009-01-01,-1.04,79.36
New York,Mid-latitude,2009-02-01,1.78,21.28
New York,Mid-latitude,2009-03-01,3.85,46.5
New York,Mid-latitude,2009-04-01,9.24,115.5
New York,Mid-latitude,2009-05-01,14.38,111.91
New York,Mid-latitude,2009-06-01,18.32,193.2
New York,Mid-latitude,2009-07-01,21.85,132.68
New York,Mid-latitude,2009-08-01,23.96,107.88
New York,Mid-latitude,2009-09-01,19.32,72.0
New York,Mid-latitude,2009-10-01,13.71,133.61
New York,Mid-latitude,2009-11-01,10.51,48.9
New York,Mid-latitude,2009-12-01,3.23,185.69
New York,Mid-latitude,2010-01-01,0.24,53.94
New York,Mid-latitude,2010-02-01,0.22,137.76
New York,Mid-latitude,2010-03-01,5.99,248.62
New York,Mid-latitude,2010-04-01,10.69,71.1
New York,Mid-latitude,2010-05-01,15.1,73.78
New York,Mid-latitude,2010-06-01,21.51,47.7
New York,Mid-latitude,2010-07-01,25.25,77.19
New York,Mid-latitude,2010-08-01,24.1,58.9
New York,Mid-latitude,2010-09-01,21.29,100.5
New York,Mid-latitude,2010-10-01,14.49,111.29
New York,Mid-latitude,2010-11-01,8.79,56.4
New York,Mid-latitude,2010-12-01,1.18,79.98
New York,Mid-latitude,2011-01-01,-0.94,92.38
New York,Mid-latitude,2011-02-01,1.22,79.24
New York,Mid-latitude,2011-03-01,4.1,132.99
New York,Mid-latitude,2011-04-01,9.33,126.6
New York,Mid-latitude,2011-05-01,15.36,97.65
New York,Mid-latitude,2011-06-01,20.63,86.7
New York,Mid-latitude,2011-07-01,24.77,79.36
New York,Mid-latitude,2011-08-01,23.39,380.06
New York,Mid-latitude,2011-09-01,20.27,150.3
New York,Mid-latitude,2011-10-01,14.32,119.04
New York,Mid-latitude,2011-11-01,10.49,84.6
New York,Mid-latitude,2011-12-01,6.44,101.06
New York,Mid-latitude,2012-01-01,3.17,66.65
New York,Mid-latitude,2012-02-01,4.14,37.12
New York,Mid-latitude,2012-03-01,7.98,30.07
New York,Mid-latitude,2012-04-01,10.57,72.9
New York,Mid-latitude,2012-05-01,16.36,119.66
New York,Mid-latitude,2012-06-01,20.3,120.3
New York,Mid-latitude,2012-07-01,24.99,84.32
New York,Mid-latitude,2012-08-01,24.47,99.2
New York,Mid-latitude,2012-09-01,20.78,106.5
New York,Mid-latitude,2012-10-01,15.37,98.89
New York,Mid-latitude,2012-11-01,7.05,39.3
New York,Mid-latitude,2012-12-01,6.11,154.07
New York,Mid-latitude,2013-01-01,2.0,70.06
New York,Mid-latitude,2013-02-01,1.29,94.92
New York,Mid-latitude,2013-03-01,3.31,76.57
New York,Mid-latitude,2013-04-01,8.66,48.6
New York,Mid-latitude,2013-05-01,14.03,108.19
New York,Mid-latitude,2013-06-01,19.78,218.7
New York,Mid-latitude,2013-07-01,24.3,94.24
New York,Mid-latitude,2013-08-01,22.44,92.69
New York,Mid-latitude,2013-09-01,19.18,50.1
New York,Mid-latitude,2013-10-01,15.49,21.7
New York,Mid-latitude,2013-11-01,7.74,75.9
New York,Mid-latitude,2013-12-01,3.81,121.83
New York,Mid-latitude,2014-01-01,-1.08,81.84
New York,Mid-latitude,2014-02-01,-1.02,125.16
New York,Mid-latitude,2014-03-01,1.84,101.06
New York,Mid-latitude,2014-04-01,7.88,161.7
New York,Mid-latitude,2014-05-01,14.51,91.45
New York,Mid-latitude,2014-06-01,19.98,81.6
New York,Mid-latitude,2014-07-01,22.8,127.1
New York,Mid-latitude,2014-08-01,22.62,97.34
New York,Mid-latitude,2014-09-01,20.62,42.3
New York,Mid-latitude,2014-10-01,15.49,110.67
New York,Mid-latitude,2014-11-01,7.43,119.1
New York,Mid-latitude,2014-12-01,4.71,149.11
New York,Mid-latitude,2015-01-01,-0.79,191.58
New York,Mid-latitude,2015-02-01,-4.14,102.48
New York,Mid-latitude,2015-03-01,1.71,162.75
New York,Mid-latitude,2015-04-01,8.56,71.1
New York,Mid-latitude,2015-05-01,15.36,21.7
New York,Mid-latitude,2015-06-01,19.49,171.3
New York,Mid-latitude,2015-07-01,23.76,84.01
New York,Mid-latitude,2015-08-01,24.34,70.99
New York,Mid-latitude,2015-09-01,22.03,80.4
New York,Mid-latitude,2015-10-01,14.08,141.98
New York,Mid-latitude,2015-11-01,11.32,70.8
New York,Mid-latitude,2015-12-01,9.67,199.64
New York,Mid-latitude,2016-01-01,1.81,116.25
New York,Mid-latitude,2016-02-01,2.46,174.29
New York,Mid-latitude,2016-03-01,6.49,64.79
New York,Mid-latitude,2016-04-01,9.03,71.7
New York,Mid-latitude,2016-05-01,13.72,142.6
New York,Mid-latitude,2016-06-01,19.78,42.0
New York,Mid-latitude,2016-07-01,24.37,192.2
New York,Mid-latitude,2016-08-01,24.86,82.15
New York,Mid-latitude,2016-09-01,21.53,96.9
New York,Mid-latitude,2016-10-01,15.11,120.28
New York,Mid-latitude,2016-11-01,9.85,124.8
New York,Mid-latitude,2016-12-01,4.04,106.95
New York,Mid-latitude,2017-01-01,3.06,186.62
New York,Mid-latitude,2017-02-01,3.7,80.08
New York,Mid-latitude,2017-03-01,3.01,206.77
New York,Mid-latitude,2017-04-01,10.33,121.8
New York,Mid-latitude,2017-05-01,13.85,208.63
New York,Mid-latitude,2017-06-01,19.42,75.3
New York,Mid-latitude,2017-07-01,23.05,207.39
New York,Mid-latitude,2017-08-01,22.62,143.84
New York,Mid-latitude,2017-09-01,20.41,63.0
New York,Mid-latitude,2017-10-01,17.34,169.26
New York,Mid-latitude,2017-11-01,9.1,69.0
New York,Mid-latitude,2017-12-01,2.86,87.11
New York,Mid-latitude,2018-01-01,-0.38,165.54
New York,Mid-latitude,2018-02-01,3.67,231.0
New York,Mid-latitude,2018-03-01,3.18,139.81
New York,Mid-latitude,2018-04-01,7.15,129.6
New York,Mid-latitude,2018-05-01,15.14,144.46
New York,Mid-latitude,2018-06-01,19.5,89.4
New York,Mid-latitude,2018-07-01,23.71,165.85
New York,Mid-latitude,2018-08-01,24.6,131.75
New York,Mid-latitude,2018-09-01,21.54,221.4
New York,Mid-latitude,2018-10-01,14.97,136.71
New York,Mid-latitude,2018-11-01,7.67,322.5
New York,Mid-latitude,2018-12-01,4.64,243.97
New York,Mid-latitude,2019-01-01,0.88,177.32
New York,Mid-latitude,2019-02-01,1.49,125.44
New York,Mid-latitude,2019-03-01,3.47,139.5
New York,Mid-latitude,2019-04-01,9.87,136.8
New York,Mid-latitude,2019-05-01,14.34,198.4
New York,Mid-latitude,2019-06-01,19.9,137.7
New York,Mid-latitude,2019-07-01,24.53,149.73
New York,Mid-latitude,2019-08-01,23.39,144.46
New York,Mid-latitude,2019-09-01,20.81,32.7
New York,Mid-latitude,2019-10-01,15.93,168.95
New York,Mid-latitude,2019-11-01,7.3,78.9
New York,Mid-latitude,2019-12-01,4.12,237.77
New York,Mid-latitude,2020-01-01,3.7,90.21
New York,Mid-latitude,2020-02-01,3.67,114.26
New York,Mid-latitude,2020-03-01,6.76,119.97
New York,Mid-latitude,2020-04-01,8.37,147.6
New York,Mid-latitude,2020-05-01,12.58,49.6
New York,Mid-latitude,2020-06-01,20.21,73.5
New York,Mid-latitude,2020-07-01,25.24,143.53
New York,Mid-latitude,2020-08-01,24.12,104.16
New York,Mid-latitude,2020-09-01,20.5,80.4
New York,Mid-latitude,2020-10-01,15.33,169.88
New York,Mid-latitude,2020-11-01,11.04,186.3
New York,Mid-latitude,2020-12-01,4.56,146.01
Paris,Mid-latitude,1991-01-01,3.1,50.22
Paris,Mid-latitude,1991-02-01,0.0,15.4
Paris,Mid-latitude,1991-03-01,8.88,45.88
Paris,Mid-latitude,1991-04-01,9.0,20.4
Paris,Mid-latitude,1991-05-01,11.95,14.26
Paris,Mid-latitude,1991-06-01,15.34,44.7
Paris,Mid-latitude,1991-07-01,20.47,47.43
Paris,Mid-latitude,1991-08-01,21.07,17.98
Paris,Mid-latitude,1991-09-01,17.94,49.8
Paris,Mid-latitude,1991-10-01,10.68,35.96
Paris,Mid-latitude,1991-11-01,5.66,71.4
Paris,Mid-latitude,1991-12-01,1.54,40.3
Paris,Mid-latitude,1992-01-01,1.06,8.99
Paris,Mid-latitude,1992-02-01,3.83,31.9
Paris,Mid-latitude,1992-03-01,7.65,55.8
Paris,Mid-latitude,1992-04-01,9.47,31.2
Paris,Mid-latitude,1992-05-01,15.58,72.23
Paris,Mid-latitude,1992-06-01,16.88,79.8
Paris,Mid-latitude,1992-07-01,20.07,33.79
Paris,Mid-latitude,1992-08-01,20.22,79.05
Paris,Mid-latitude,1992-09-01,15.16,53.1
Paris,Mid-latitude,1992-10-01,8.53,61.38
Paris,Mid-latitude,1992-11-01,8.24,82.2
Paris,Mid-latitude,1992-12-01,2.99,62.31
Paris,Mid-latitude,1993-01-01,4.95,75.02
Paris,Mid-latitude,1993-02-01,1.98,17.36
Paris,Mid-latitude,1993-03-01,6.27,4.96
Paris,Mid-latitude,1993-04-01,11.1,76.5
Paris,Mid-latitude,1993-05-01,14.57,75.02
Paris,Mid-latitude,1993-06-01,17.4,53.1
Paris,Mid-latitude,1993-07-01,17.57,53.94
Paris,Mid-latitude,1993-08-01,17.35,10.85
Paris,Mid-latitude,1993-09-01,13.74,111.9
Paris,Mid-latitude,1993-10-01,8.82,99.51
Paris,Mid-latitude,1993-11-01,2.36,24.3
Paris,Mid-latitude,1993-12-01,5.0,120.59
Paris,Mid-latitude,1994-01-01,4.67,75.33
Paris,Mid-latitude,1994-02-01,3.48,57.96
Paris,Mid-latitude,1994-03-01,8.09,43.71
Paris,Mid-latitude,1994-04-01,8.64,63.6
Paris,Mid-latitude,1994-05-01,13.33,67.89
Paris,Mid-latitude,1994-06-01,16.26,42.3
Paris,Mid-latitude,1994-07-01,21.27,46.19
Paris,Mid-latitude,1994-08-01,18.67,60.45
Paris,Mid-latitude,1994-09-01,14.06,78.3
Paris,Mid-latitude,1994-10-01,10.43,49.91
Paris,Mid-latitude,1994-11-01,9.51,52.2
Paris,Mid-latitude,1994-12-01,5.32,69.44
Paris,Mid-latitude,1995-01-01,4.04,113.77
Paris,Mid-latitude,1995-02-01,6.91,78.96
Paris,Mid-latitude,1995-03-01,5.56,75.95
Paris,Mid-latitude,1995-04-01,9.28,53.7
Paris,Mid-latitude,1995-05-01,13.07,63.55
Paris,Mid-latitude,1995-06-01,15.32,25.5
Paris,Mid-latitude,1995-07-01,20.76,59.52
Paris,Mid-latitude,1995-08-01,19.89,36.89
Paris,Mid-latitude,1995-09-01,13.92,86.7
Paris,Mid-latitude,1995-10-01,13.58,22.94
Paris,Mid-latitude,1995-11-01,6.15,22.2
Paris,Mid-latitude,1995-12-01,1.32,48.36
Paris,Mid-latitude,1996-01-01,2.32,49.6
Paris,Mid-latitude,1996-02-01,1.12,50.46
Paris,Mid-latitude,1996-03-01,4.88,22.63
Paris,Mid-latitude,1996-04-01,9.29,13.2
Paris,Mid-latitude,1996-05-01,11.4,59.21
Paris,Mid-latitude,1996-06-01,17.22,17.7
Paris,Mid-latitude,1996-07-01,18.17,33.79
Paris,Mid-latitude,1996-08-01,17.89,69.75
Paris,Mid-latitude,1996-09-01,13.27,25.8
Paris,Mid-latitude,1996-10-01,10.91,44.95
Paris,Mid-latitude,1996-11-01,5.43,102.9
Paris,Mid-latitude,1996-12-01,0.27,50.53
Paris,Mid-latitude,1997-01-01,-1.51,10.54
Paris,Mid-latitude,1997-02-01,5.62,76.72
Paris,Mid-latitude,1997-03-01,8.46,15.5
Paris,Mid-latitude,1997-04-01,8.76,16.5
Paris,Mid-latitude,1997-05-01,13.41,81.84
Paris,Mid-latitude,1997-06-01,16.34,114.6
Paris,Mid-latitude,1997-07-01,18.41,30.69
Paris,Mid-latitude,1997-08-01,21.98,68.51
Paris,Mid-latitude,1997-09-01,15.81,12.0
Paris,Mid-latitude,1997-10-01,10.47,51.15
Paris,Mid-latitude,1997-11-01,7.23,72.3
Paris,Mid-latitude,1997-12-01,4.21,82.77
Paris,Mid-latitude,1998-01-01,3.44,63.55
Paris,Mid-latitude,1998-02-01,4.27,9.8
Paris,Mid-latitude,1998-03-01,7.51,27.28
Paris,Mid-latitude,1998-04-01,8.8,118.5
Paris,Mid-latitude,1998-05-01,15.2,20.77
Paris,Mid-latitude,1998-06-01,17.0,52.8
Paris,Mid-latitude,1998-07-01,17.63,38.44
Paris,Mid-latitude,1998-08-01,19.01,22.32
Paris,Mid-latitude,1998-09-01,15.45,95.7
Paris,Mid-latitude,1998-10-01,10.78,124.62
Paris,Mid-latitude,1998-11-01,3.52,39.9
Paris,Mid-latitude,1998-12-01,3.6,61.38
Paris,Mid-latitude,1999-01-01,4.84,62.31
Paris,Mid-latitude,1999-02-01,3.38,50.4
Paris,Mid-latitude,1999-03-01,7.56,48.36
Paris,Mid-latitude,1999-04-01,10.19,74.1
Paris,Mid-latitude,1999-05-01,15.1,62.31
Paris,Mid-latitude,1999-06-01,15.97,58.5
Paris,Mid-latitude,1999-07-01,20.09,36.27
Paris,Mid-latitude,1999-08-01,18.89,55.8
Paris,Mid-latitude,1999-09-01,17.5,96.9
Paris,Mid-latitude,1999-10-01,10.69,54.25
Paris,Mid-latitude,1999-11-01,4.95,45.0
Paris,Mid-latitude,1999-12-01,4.22,166.78
Paris,Mid-latitude,2000-01-01,2.4,27.28
Paris,Mid-latitude,2000-02-01,5.53,58.29
Paris,Mid-latitude,2000-03-01,6.97,38.75
Paris,Mid-latitude,2000-04-01,9.41,87.6
Paris,Mid-latitude,2000-05-01,14.8,68.51
Paris,Mid-latitude,2000-06-01,16.98,35.4
Paris,Mid-latitude,2000-07-01,16.42,107.88
Paris,Mid-latitude,2000-08-01,18.73,35.03
Paris,Mid-latitude,2000-09-01,15.87,47.1
Paris,Mid-latitude,2000-10-01,10.97,110.05
Paris,Mid-latitude,2000-11-01,7.07,85.2
Paris,Mid-latitude,2000-12-01,5.7,72.54
Paris,Mid-latitude,2001-01-01,3.42,73.78
Paris,Mid-latitude,2001-02-01,4.18,38.92
Paris,Mid-latitude,2001-03-01,7.47,107.88
Paris,Mid-latitude,2001-04-01,8.24,69.9
Paris,Mid-latitude,2001-05-01,14.37,29.14
Paris,Mid-latitude,2001-06-01,15.96,33.6
Paris,Mid-latitude,2001-07-01,18.72,91.45
Paris,Mid-latitude,2001-08-01,19.08,55.8
Paris,Mid-latitude,2001-09-01,13.1,88.2
Paris,Mid-latitude,2001-10-01,13.52,67.58
Paris,Mid-latitude,2001-11-01,5.15,51.0
Paris,Mid-latitude,2001-12-01,1.45,46.5
Paris,Mid-latitude,2002-01-01,3.52,31.31
Paris,Mid-latitude,2002-02-01,6.52,82.88
Paris,Mid-latitude,2002-03-01,7.58,55.18
Paris,Mid-latitude,2002-04-01,9.66,12.0
Paris,Mid-latitude,2002-05-01,13.04,48.67
Paris,Mid-latitude,2002-06-01,17.21,62.1
Paris,Mid-latitude,2002-07-01,17.8,51.46
Paris,Mid-latitude,2002-08-01,18.11,63.55
Paris,Mid-latitude,2002-09-01,14.21,28.2
Paris,Mid-latitude,2002-10-01,11.23,56.42
Paris,Mid-latitude,2002-11-01,8.25,101.1
Paris,Mid-latitude,2002-12-01,5.31,81.53
Paris,Mid-latitude,2003-01-01,1.37,57.97
Paris,Mid-latitude,2003-02-01,1.56,21.56
Paris,Mid-latitude,2003-03-01,8.09,8.99
Paris,Mid-latitude,2003-04-01,9.96,38.7
Paris,Mid-latitude,2003-05-01,13.67,63.24
Paris,Mid-latitude,2003-06-01,19.59,54.0
Paris,Mid-latitude,2003-07-01,20.02,36.89
Paris,Mid-latitude,2003-08-01,22.18,25.73
Paris,Mid-latitude,2003-09-01,15.7,12.6
Paris,Mid-latitude,2003-10-01,8.56,48.36
Paris,Mid-latitude,2003-11-01,7.37,47.7
Paris,Mid-latitude,2003-12-01,3.43,41.23
Paris,Mid-latitude,2004-01-01,3.35,72.23
Paris,Mid-latitude,2004-02-01,3.89,10.15
Paris,Mid-latitude,2004-03-01,5.78,28.21
Paris,Mid-latitude,2004-04-01,10.14,46.8
Paris,Mid-latitude,2004-05-01,13.03,35.03
Paris,Mid-latitude,2004-06-01,17.64,24.6
Paris,Mid-latitude,2004-07-01,18.7,43.71
Paris,Mid-latitude,2004-08-01,19.68,81.22
Paris,Mid-latitude,2004-09-01,16.82,21.6
Paris,Mid-latitude,2004-10-01,11.77,74.09
Paris,Mid-latitude,2004-11-01,6.22,32.4
Paris,Mid-latitude,2004-12-01,1.95,59.52
Paris,Mid-latitude,2005-01-01,3.8,47.12
Paris,Mid-latitude,2005-02-01,2.02,32.48
Paris,Mid-latitude,2005-03-01,6.51,42.78
Paris,Mid-latitude,2005-04-01,10.37,60.0
Paris,Mid-latitude,2005-05-01,13.72,60.14
Paris,Mid-latitude,2005-06-01,18.64,45.6
Paris,Mid-latitude,2005-07-01,19.48,65.72
Paris,Mid-latitude,2005-08-01,18.0,36.27
Paris,Mid-latitude,2005-09-01,16.82,43.5
Paris,Mid-latitude,2005-10-01,14.31,44.02
Paris,Mid-latitude,2005-11-01,5.29,39.9
Paris,Mid-latitude,2005-12-01,2.14,37.2
Paris,Mid-latitude,2006-01-01,1.1,36.27
Paris,Mid-latitude,2006-02-01,1.94,65.52
Paris,Mid-latitude,2006-03-01,4.77,79.67
Paris,Mid-latitude,2006-04-01,9.6,29.7
Paris,Mid-latitude,2006-05-01,14.07,80.29
Paris,Mid-latitude,2006-06-01,17.83,39.6
Paris,Mid-latitude,2006-07-01,22.96,44.95
Paris,Mid-latitude,2006-08-01,16.84,88.66
Paris,Mid-latitude,2006-09-01,18.28,46.5
Paris,Mid-latitude,2006-10-01,13.82,57.04
Paris,Mid-latitude,2006-11-01,8.17,65.4
Paris,Mid-latitude,2006-12-01,3.98,76.26
Paris,Mid-latitude,2007-01-01,6.36,41.85
Paris,Mid-latitude,2007-02-01,6.7,81.2
Paris,Mid-latitude,2007-03-01,6.93,61.07
Paris,Mid-latitude,2007-04-01,13.47,7.8
Paris,Mid-latitude,2007-05-01,14.7,78.43
Paris,Mid-latitude,2007-06-01,17.39,93.3
Paris,Mid-latitude,2007-07-01,17.41,81.22
Paris,Mid-latitude,2007-08-01,17.2,90.21
Paris,Mid-latitude,2007-09-01,14.33,32.7
Paris,Mid-latitude,2007-10-01,10.3,57.66
Paris,Mid-latitude,2007-11-01,5.53,41.7
Paris,Mid-latitude,2007-12-01,2.8,67.89
Paris,Mid-latitude,2008-01-01,4.72,46.5
Paris,Mid-latitude,2008-02-01,4.65,44.95
Paris,Mid-latitude,2008-03-01,6.13,86.49
Paris,Mid-latitude,2008-04-01,8.67,55.8
Paris,Mid-latitude,2008-05-01,15.47,72.85
Paris,Mid-latitude,2008-06-01,16.6,33.6
Paris,Mid-latitude,2008-07-01,18.39,53.63
Paris,Mid-latitude,2008-08-01,18.1,61.38
Paris,Mid-latitude,2008-09-01,13.44,37.8
Paris,Mid-latitude,2008-10-01,10.2,60.45
Paris,Mid-latitude,2008-11-01,6.47,59.7
Paris,Mid-latitude,2008-12-01,1.49,38.44
Paris,Mid-latitude,2009-01-01,-0.54,52.39
Paris,Mid-latitude,2009-02-01,2.34,46.2
Paris,Mid-latitude,2009-03-01,6.02,38.44
Paris,Mid-latitude,2009-04-01,11.58,49.8
Paris,Mid-latitude,2009-05-01,14.37,68.82
Paris,Mid-latitude,2009-06-01,16.48,64.2
Paris,Mid-latitude,2009-07-01,18.91,52.08
Paris,Mid-latitude,2009-08-01,20.05,23.25
Paris,Mid-latitude,2009-09-01,15.79,30.9
Paris,Mid-latitude,2009-10-01,10.99,50.53
Paris,Mid-latitude,2009-11-01,8.68,83.1
Paris,Mid-latitude,2009-12-01,2.14,75.02
Paris,Mid-latitude,2010-01-01,-1.01,34.72
Paris,Mid-latitude,2010-02-01,2.02,66.64
Paris,Mid-latitude,2010-03-01,5.67,43.4
Paris,Mid-latitude,2010-04-01,9.81,18.0
Paris,Mid-latitude,2010-05-01,12.06,38.75
Paris,Mid-latitude,2010-06-01,17.42,48.3
Paris,Mid-latitude,2010-07-01,20.42,75.64
Paris,Mid-latitude,2010-08-01,17.67,86.49
Paris,Mid-latitude,2010-09-01,14.61,53.4
Paris,Mid-latitude,2010-10-01,10.33,42.47
Paris,Mid-latitude,2010-11-01,5.71,78.9
Paris,Mid-latitude,2010-12-01,-1.43,68.82
Paris,Mid-latitude,2011-01-01,2.72,62.62
Paris,Mid-latitude,2011-02-01,4.79,30.24
Paris,Mid-latitude,2011-03-01,7.33,22.01
Paris,Mid-latitude,2011-04-01,13.12,12.9
Paris,Mid-latitude,2011-05-01,14.89,9.3
Paris,Mid-latitude,2011-06-01,17.05,70.8
Paris,Mid-latitude,2011-07-01,17.07,74.09
Paris,Mid-latitude,2011-08-01,18.42,96.1
Paris,Mid-latitude,2011-09-01,17.09,43.5
Paris,Mid-latitude,2011-10-01,12.29,31.93
Paris,Mid-latitude,2011-11-01,8.29,36.3
Paris,Mid-latitude,2011-12-01,5.9,125.24
Paris,Mid-latitude,2012-01-01,4.56,47.74
Paris,Mid-latitude,2012-02-01,-0.08,12.18
Paris,Mid-latitude,2012-03-01,8.41,22.32
Paris,Mid-latitude,2012-04-01,8.23,78.9
Paris,Mid-latitude,2012-05-01,14.48,57.97
Paris,Mid-latitude,2012-06-01,16.23,112.8
Paris,Mid-latitude,2012-07-01,17.67,83.39
Paris,Mid-latitude,2012-08-01,19.5,12.4
Paris,Mid-latitude,2012-09-01,14.78,43.5
Paris,Mid-latitude,2012-10-01,11.2,89.28
Paris,Mid-latitude,2012-11-01,6.04,54.0
Paris,Mid-latitude,2012-12-01,4.68,97.34
Paris,Mid-latitude,2013-01-01,1.93,51.15
Paris,Mid-latitude,2013-02-01,1.28,45.64
Paris,Mid-latitude,2013-03-01,3.3,43.71
Paris,Mid-latitude,2013-04-01,8.87,36.6
Paris,Mid-latitude,2013-05-01,11.3,86.49
Paris,Mid-latitude,2013-06-01,15.9,103.2
Paris,Mid-latitude,2013-07-01,20.55,42.16
Paris,Mid-latitude,2013-08-01,18.65,52.08
Paris,Mid-latitude,2013-09-01,15.62,51.9
Paris,Mid-latitude,2013-10-01,12.76,53.63
Paris,Mid-latitude,2013-11-01,5.7,87.9
Paris,Mid-latitude,2013-12-01,4.02,60.14
Paris,Mid-latitude,2014-01-01,5.16,53.94
Paris,Mid-latitude,2014-02-01,5.58,63.56
Paris,Mid-latitude,2014-03-01,7.9,14.57
Paris,Mid-latitude,2014-04-01,11.28,32.4
Paris,Mid-latitude,2014-05-01,12.94,88.35
Paris,Mid-latitude,2014-06-01,16.6,73.2
Paris,Mid-latitude,2014-07-01,19.13,112.22
Paris,Mid-latitude,2014-08-01,16.54,98.27
Paris,Mid-latitude,2014-09-01,16.44,24.3
Paris,Mid-latitude,2014-10-01,12.93,66.96
Paris,Mid-latitude,2014-11-01,8.21,69.6
Paris,Mid-latitude,2014-12-01,3.34,71.61
Paris,Mid-latitude,2015-01-01,2.78,56.42
Paris,Mid-latitude,2015-02-01,2.44,51.24
Paris,Mid-latitude,2015-03-01,6.45,35.96
Paris,Mid-latitude,2015-04-01,10.67,48.3
Paris,Mid-latitude,2015-05-01,13.05,51.15
Paris,Mid-latitude,2015-06-01,17.05,14.1
Paris,Mid-latitude,2015-07-01,20.01,26.97
Paris,Mid-latitude,2015-08-01,19.71,75.64
Paris,Mid-latitude,2015-09-01,13.67,66.3
Paris,Mid-latitude,2015-10-01,10.11,43.71
Paris,Mid-latitude,2015-11-01,9.45,58.8
Paris,Mid-latitude,2015-12-01,7.29,34.41
Paris,Mid-latitude,2016-01-01,3.71,73.78
Paris,Mid-latitude,2016-02-01,4.68,64.67
Paris,Mid-latitude,2016-03-01,5.35,87.11
Paris,Mid-latitude,2016-04-01,8.63,51.9
Paris,Mid-latitude,2016-05-01,13.68,163.37
Paris,Mid-latitude,2016-06-01,16.65,89.7
Paris,Mid-latitude,2016-07-01,18.78,27.9
Paris,Mid-latitude,2016-08-01,19.16,24.8
Paris,Mid-latitude,2016-09-01,17.53,39.9
Paris,Mid-latitude,2016-10-01,9.89,34.41
Paris,Mid-latitude,2016-11-01,6.13,58.5
Paris,Mid-latitude,2016-12-01,2.56,22.01
Paris,Mid-latitude,2017-01-01,-0.25,36.27
Paris,Mid-latitude,2017-02-01,5.37,40.32
Paris,Mid-latitude,2017-03-01,9.0,62.31
Paris,Mid-latitude,2017-04-01,9.29,18.9
Paris,Mid-latitude,2017-05-01,15.0,62.62
Paris,Mid-latitude,2017-06-01,19.27,50.7
Paris,Mid-latitude,2017-07-01,19.43,64.79
Paris,Mid-latitude,2017-08-01,18.74,71.3
Paris,Mid-latitude,2017-09-01,14.56,80.7
Paris,Mid-latitude,2017-10-01,12.83,28.83
Paris,Mid-latitude,2017-11-01,6.5,62.4
Paris,Mid-latitude,2017-12-01,4.19,97.96
Paris,Mid-latitude,2018-01-01,6.35,117.8
Paris,Mid-latitude,2018-02-01,0.2,47.6
Paris,Mid-latitude,2018-03-01,5.46,84.32
Paris,Mid-latitude,2018-04-01,12.17,61.8
Paris,Mid-latitude,2018-05-01,15.25,68.2
Paris,Mid-latitude,2018-06-01,18.2,78.6
Paris,Mid-latitude,2018-07-01,21.55,28.83
Paris,Mid-latitude,2018-08-01,19.78,45.57
Paris,Mid-latitude,2018-09-01,15.95,20.7
Paris,Mid-latitude,2018-10-01,12.23,41.23
Paris,Mid-latitude,2018-11-01,6.48,73.2
Paris,Mid-latitude,2018-12-01,5.36,88.04
Paris,Mid-latitude,2019-01-01,2.21,47.74
Paris,Mid-latitude,2019-02-01,5.06,38.92
Paris,Mid-latitude,2019-03-01,8.36,59.52
Paris,Mid-latitude,2019-04-01,10.23,28.8
Paris,Mid-latitude,2019-05-01,12.51,68.51
Paris,Mid-latitude,2019-06-01,18.39,66.0
Paris,Mid-latitude,2019-07-01,20.68,24.49
Paris,Mid-latitude,2019-08-01,19.7,49.29
Paris,Mid-latitude,2019-09-01,16.05,31.2
Paris,Mid-latitude,2019-10-01,12.21,92.38
Paris,Mid-latitude,2019-11-01,6.57,96.0
Paris,Mid-latitude,2019-12-01,5.26,99.82
Paris,Mid-latitude,2020-01-01,4.78,39.99
Paris,Mid-latitude,2020-02-01,7.41,111.94
Paris,Mid-latitude,2020-03-01,6.94,55.49
Paris,Mid-latitude,2020-04-01,12.81,25.5
Paris,Mid-latitude,2020-05-01,13.99,40.61
Paris,Mid-latitude,2020-06-01,17.06,43.8
Paris,Mid-latitude,2020-07-01,19.19,13.02
Paris,Mid-latitude,2020-08-01,21.41,36.58
Paris,Mid-latitude,2020-09-01,17.45,43.8
Paris,Mid-latitude,2020-10-01,11.36,102.61
Paris,Mid-latitude,2020-11-01,8.01,21.6
Paris,Mid-latitude,2020-12-01,5.05,100.44
Seoul,Mid-latitude,1991-01-01,-3.46,17.36
Seoul,Mid-latitude,1991-02-01,-2.1,37.24
Seoul,Mid-latitude,1991-03-01,2.65,49.91
Seoul,Mid-latitude,1991-04-01,9.93,56.4
Seoul,Mid-latitude,1991-05-01,15.08,95.79
Seoul,Mid-latitude,1991-06-01,20.66,96.0
Seoul,Mid-latitude,1991-07-01,23.53,379.75
Seoul,Mid-latitude,1991-08-01,23.79,80.6
Seoul,Mid-latitude,1991-09-01,19.72,188.7
Seoul,Mid-latitude,1991-10-01,12.49,28.21
Seoul,Mid-latitude,1991-11-01,5.22,29.4
Seoul,Mid-latitude,1991-12-01,0.77,52.7
Seoul,Mid-latitude,1992-01-01,-1.59,14.88
Seoul,Mid-latitude,1992-02-01,-0.7,44.37
Seoul,Mid-latitude,1992-03-01,5.05,23.25
Seoul,Mid-latitude,1992-04-01,9.64,78.3
Seoul,Mid-latitude,1992-05-01,14.41,124.62
Seoul,Mid-latitude,1992-06-01,19.0,93.3
Seoul,Mid-latitude,1992-07-01,23.73,198.09
Seoul,Mid-latitude,1992-08-01,23.93,280.86
Seoul,Mid-latitude,1992-09-01,19.67,182.1
Seoul,Mid-latitude,1992-10-01,13.18,62.93
Seoul,Mid-latitude,1992-11-01,5.54,59.1
Seoul,Mid-latitude,1992-12-01,0.57,66.03
Seoul,Mid-latitude,1993-01-01,-3.48,8.37
Seoul,Mid-latitude,1993-02-01,-0.52,60.76
Seoul,Mid-latitude,1993-03-01,3.33,37.2
Seoul,Mid-latitude,1993-04-01,8.1,93.6
Seoul,Mid-latitude,1993-05-01,15.27,122.14
Seoul,Mid-latitude,1993-06-01,19.47,188.4
Seoul,Mid-latitude,1993-07-01,21.98,380.06
Seoul,Mid-latitude,1993-08-01,22.08,181.97
Seoul,Mid-latitude,1993-09-01,19.59,94.8
Seoul,Mid-latitude,1993-10-01,11.84,26.04
Seoul,Mid-latitude,1993-11-01,7.14,67.5
Seoul,Mid-latitude,1993-12-01,-0.76,25.11
Seoul,Mid-latitude,1994-01-01,-2.27,21.39
Seoul,Mid-latitude,1994-02-01,-1.16,14.0
Seoul,Mid-latitude,1994-03-01,1.86,49.91
Seoul,Mid-latitude,1994-04-01,11.32,38.7
Seoul,Mid-latitude,1994-05-01,15.28,137.33
Seoul,Mid-latitude,1994-06-01,19.96,111.3
Seoul,Mid-latitude,1994-07-01,26.37,131.13
Seoul,Mid-latitude,1994-08-01,26.06,266.91
Seoul,Mid-latitude,1994-09-01,19.71,60.9
Seoul,Mid-latitude,1994-10-01,14.09,177.01
Seoul,Mid-latitude,1994-11-01,7.96,46.8
Seoul,Mid-latitude,1994-12-01,0.23,19.22
Seoul,Mid-latitude,1995-01-01,-3.24,17.98
Seoul,Mid-latitude,1995-02-01,-0.35,16.24
Seoul,Mid-latitude,1995-03-01,3.87,56.73
Seoul,Mid-latitude,1995-04-01,8.63,37.8
Seoul,Mid-latitude,1995-05-01,14.65,53.63
Seoul,Mid-latitude,1995-06-01,19.64,88.8
Seoul,Mid-latitude,1995-07-01,23.45,341.93
Seoul,Mid-latitude,1995-08-01,25.15,640.77
Seoul,Mid-latitude,1995-09-01,19.0,60.9
Seoul,Mid-latitude,1995-10-01,14.23,29.45
Seoul,Mid-latitude,1995-11-01,5.34,32.1
Seoul,Mid-latitude,1995-12-01,-1.6,5.89
Seoul,Mid-latitude,1996-01-01,-3.7,27.9
Seoul,Mid-latitude,1996-02-01,-3.28,21.75
Seoul,Mid-latitude,1996-03-01,2.56,109.43
Seoul,Mid-latitude,1996-04-01,7.31,49.5
Seoul,Mid-latitude,1996-05-01,15.07,34.41
Seoul,Mid-latitude,1996-06-01,20.3,308.7
Seoul,Mid-latitude,1996-07-01,22.73,360.22
Seoul,Mid-latitude,1996-08-01,24.57,130.2
Seoul,Mid-latitude,1996-09-01,20.09,19.5
Seoul,Mid-latitude,1996-10-01,13.19,79.36
Seoul,Mid-latitude,1996-11-01,5.24,66.9
Seoul,Mid-latitude,1996-12-01,0.45,18.29
Seoul,Mid-latitude,1997-01-01,-4.33,23.87
Seoul,Mid-latitude,1997-02-01,-1.19,33.32
Seoul,Mid-latitude,1997-03-01,4.0,28.52
Seoul,Mid-latitude,1997-04-01,9.45,50.4
Seoul,Mid-latitude,1997-05-01,14.9,261.95
Seoul,Mid-latitude,1997-06-01,20.86,125.4
Seoul,Mid-latitude,1997-07-01,24.59,254.2
Seoul,Mid-latitude,1997-08-01,25.07,198.09
Seoul,Mid-latitude,1997-09-01,18.98,90.0
Seoul,Mid-latitude,1997-10-01,11.99,29.45
Seoul,Mid-latitude,1997-11-01,7.49,113.7
Seoul,Mid-latitude,1997-12-01,0.74,44.95
Seoul,Mid-latitude,1998-01-01,-2.62,39.99
Seoul,Mid-latitude,1998-02-01,1.05,73.92
Seoul,Mid-latitude,1998-03-01,4.69,55.18
Seoul,Mid-latitude,1998-04-01,13.09,124.2
Seoul,Mid-latitude,1998-05-01,16.31,97.65
Seoul,Mid-latitude,1998-06-01,19.59,199.5
Seoul,Mid-latitude,1998-07-01,23.55,331.39
Seoul,Mid-latitude,1998-08-01,24.44,502.2
Seoul,Mid-latitude,1998-09-01,21.55,156.0
Seoul,Mid-latitude,1998-10-01,15.66,37.51
Seoul,Mid-latitude,1998-11-01,6.1,47.1
Seoul,Mid-latitude,1998-12-01,1.04,7.44
Seoul,Mid-latitude,1999-01-01,-1.89,8.68
Seoul,Mid-latitude,1999-02-01,-0.76,3.08
Seoul,Mid-latitude,1999-03-01,3.9,55.49
Seoul,Mid-latitude,1999-04-01,10.76,87.6
Seoul,Mid-latitude,1999-05-01,14.97,110.98
Seoul,Mid-latitude,1999-06-01,20.49,100.5
Seoul,Mid-latitude,1999-07-01,23.98,243.97
Seoul,Mid-latitude,1999-08-01,24.31,419.12
Seoul,Mid-latitude,1999-09-01,21.56,318.9
Seoul,Mid-latitude,1999-10-01,13.19,106.95
Seoul,Mid-latitude,1999-11-01,6.49,30.0
Seoul,Mid-latitude,1999-12-01,-1.0,35.03
Seoul,Mid-latitude,2000-01-01,-3.65,46.5
Seoul,Mid-latitude,2000-02-01,-3.16,3.19
Seoul,Mid-latitude,2000-03-01,3.47,8.68
Seoul,Mid-latitude,2000-04-01,8.77,32.7
Seoul,Mid-latitude,2000-05-01,15.02,63.24
Seoul,Mid-latitude,2000-06-01,20.96,112.8
Seoul,Mid-latitude,2000-07-01,24.72,145.39
Seoul,Mid-latitude,2000-08-01,25.24,458.8
Seoul,Mid-latitude,2000-09-01,19.44,226.8
Seoul,Mid-latitude,2000-10-01,13.41,22.63
Seoul,Mid-latitude,2000-11-01,5.3,32.4
Seoul,Mid-latitude,2000-12-01,-0.38,22.32
Seoul,Mid-latitude,2001-01-01,-5.85,46.19
Seoul,Mid-latitude,2001-02-01,-1.95,48.16
Seoul,Mid-latitude,2001-03-01,2.42,13.64
Seoul,Mid-latitude,2001-04-01,9.95,13.5
Seoul,Mid-latitude,2001-05-01,16.26,18.6
Seoul,Mid-latitude,2001-06-01,20.91,176.7
Seoul,Mid-latitude,2001-07-01,24.44,385.95
Seoul,Mid-latitude,2001-08-01,24.72,139.5
Seoul,Mid-latitude,2001-09-01,19.97,45.9
Seoul,Mid-latitude,2001-10-01,15.07,87.42
Seoul,Mid-latitude,2001-11-01,5.88,15.0
Seoul,Mid-latitude,2001-12-01,-1.7,15.19
Seoul,Mid-latitude,2002-01-01,-1.62,46.81
Seoul,Mid-latitude,2002-02-01,0.74,3.36
Seoul,Mid-latitude,2002-03-01,5.28,30.38
Seoul,Mid-latitude,2002-04-01,11.21,146.1
Seoul,Mid-latitude,2002-05-01,15.58,54.87
Seoul,Mid-latitude,2002-06-01,20.19,64.5
Seoul,Mid-latitude,2002-07-01,23.95,228.78
Seoul,Mid-latitude,2002-08-01,23.43,485.46
Seoul,Mid-latitude,2002-09-01,19.88,43.2
Seoul,Mid-latitude,2002-10-01,11.52,72.85
Seoul,Mid-latitude,2002-11-01,3.0,12.9
Seoul,Mid-latitude,2002-12-01,-0.17,29.76
Seoul,Mid-latitude,2003-01-01,-4.11,12.71
Seoul,Mid-latitude,2003-02-01,0.34,40.04
Seoul,Mid-latitude,2003-03-01,3.7,35.34
Seoul,Mid-latitude,2003-04-01,10.1,150.3
Seoul,Mid-latitude,2003-05-01,16.42,124.0
Seoul,Mid-latitude,2003-06-01,20.06,149.4
Seoul,Mid-latitude,2003-07-01,22.35,316.51
Seoul,Mid-latitude,2003-08-01,23.21,402.69
Seoul,Mid-latitude,2003-09-01,19.73,247.8
Seoul,Mid-latitude,2003-10-01,12.8,31.93
Seoul,Mid-latitude,2003-11-01,7.92,74.7
Seoul,Mid-latitude,2003-12-01,-0.31,9.92
Seoul,Mid-latitude,2004-01-01,-2.8,14.88
Seoul,Mid-latitude,2004-02-01,0.32,43.79
Seoul,Mid-latitude,2004-03-01,3.37,24.18
Seoul,Mid-latitude,2004-04-01,9.83,69.6
Seoul,Mid-latitude,2004-05-01,15.6,128.03
Seoul,Mid-latitude,2004-06-01,20.91,177.3
Seoul,Mid-latitude,2004-07-01,23.76,389.05
Seoul,Mid-latitude,2004-08-01,24.23,226.3
Seoul,Mid-latitude,2004-09-01,20.28,181.8
Seoul,Mid-latitude,2004-10-01,13.29,5.89
Seoul,Mid-latitude,2004-11-01,7.95,54.3
Seoul,Mid-latitude,2004-12-01,0.56,21.7
Seoul,Mid-latitude,2005-01-01,-3.76,7.44
Seoul,Mid-latitude,2005-02-01,-3.66,24.92
Seoul,Mid-latitude,2005-03-01,1.55,33.48
Seoul,Mid-latitude,2005-04-01,10.04,69.9
Seoul,Mid-latitude,2005-05-01,15.12,66.96
Seoul,Mid-latitude,2005-06-01,20.95,150.6
Seoul,Mid-latitude,2005-07-01,24.06,297.29
Seoul,Mid-latitude,2005-08-01,24.15,280.24
Seoul,Mid-latitude,2005-09-01,20.6,275.7
Seoul,Mid-latitude,2005-10-01,13.57,52.39
Seoul,Mid-latitude,2005-11-01,7.01,31.2
Seoul,Mid-latitude,2005-12-01,-4.75,10.23
Seoul,Mid-latitude,2006-01-01,-2.4,32.24
Seoul,Mid-latitude,2006-02-01,-1.72,17.64
Seoul,Mid-latitude,2006-03-01,2.57,10.85
Seoul,Mid-latitude,2006-04-01,8.43,72.9
Seoul,Mid-latitude,2006-05-01,15.45,117.49
Seoul,Mid-latitude,2006-06-01,20.03,140.1
Seoul,Mid-latitude,2006-07-01,22.71,737.18
Seoul,Mid-latitude,2006-08-01,25.7,84.63
Seoul,Mid-latitude,2006-09-01,19.35,32.4
Seoul,Mid-latitude,2006-10-01,16.27,47.12
Seoul,Mid-latitude,2006-11-01,6.99,49.2
Seoul,Mid-latitude,2006-12-01,0.49,17.67
Seoul,Mid-latitude,2007-01-01,-0.91,9.61
Seoul,Mid-latitude,2007-02-01,1.65,19.04
Seoul,Mid-latitude,2007-03-01,4.2,111.91
Seoul,Mid-latitude,2007-04-01,8.8,39.3
Seoul,Mid-latitude,2007-05-01,15.41,131.75
Seoul,Mid-latitude,2007-06-01,20.89,73.8
Seoul,Mid-latitude,2007-07-01,23.16,270.94
Seoul,Mid-latitude,2007-08-01,25.23,328.91
Seoul,Mid-latitude,2007-09-01,20.61,308.1
Seoul,Mid-latitude,2007-10-01,13.83,23.25
Seoul,Mid-latitude,2007-11-01,5.68,15.9
Seoul,Mid-latitude,2007-12-01,0.53,3.41
Seoul,Mid-latitude,2008-01-01,-2.92,10.54
Seoul,Mid-latitude,2008-02-01,-2.55,3.48
Seoul,Mid-latitude,2008-03-01,4.52,49.29
Seoul,Mid-latitude,2008-04-01,11.17,30.6
Seoul,Mid-latitude,2008-05-01,15.28,76.57
Seoul,Mid-latitude,2008-06-01,19.66,125.4
Seoul,Mid-latitude,2008-07-01,24.36,430.9
Seoul,Mid-latitude,2008-08-01,24.08,212.66
Seoul,Mid-latitude,2008-09-01,20.86,88.2
Seoul,Mid-latitude,2008-10-01,15.07,32.24
Seoul,Mid-latitude,2008-11-01,6.54,22.2
Seoul,Mid-latitude,2008-12-01,0.22,23.56
Seoul,Mid-latitude,2009-01-01,-3.02,7.75
Seoul,Mid-latitude,2009-02-01,1.1,26.6
Seoul,Mid-latitude,2009-03-01,3.86,54.56
Seoul,Mid-latitude,2009-04-01,9.85,52.2
Seoul,Mid-latitude,2009-05-01,16.03,93.0
Seoul,Mid-latitude,2009-06-01,20.27,112.2
Seoul,Mid-latitude,2009-07-01,22.86,494.45
Seoul,Mid-latitude,2009-08-01,23.74,229.4
Seoul,Mid-latitude,2009-09-01,20.1,32.7
Seoul,Mid-latitude,2009-10-01,14.54,62.93
Seoul,Mid-latitude,2009-11-01,5.87,57.6
Seoul,Mid-latitude,2009-12-01,-1.77,23.56
Seoul,Mid-latitude,2010-01-01,-5.39,33.79
Seoul,Mid-latitude,2010-02-01,-0.94,57.4
Seoul,Mid-latitude,2010-03-01,2.51,78.43
Seoul,Mid-latitude,2010-04-01,7.39,55.8
Seoul,Mid-latitude,2010-05-01,14.61,105.4
Seoul,Mid-latitude,2010-06-01,21.19,86.4
Seoul,Mid-latitude,2010-07-01,24.44,207.39
Seoul,Mid-latitude,2010-08-01,25.84,387.19
Seoul,Mid-latitude,2010-09-01,21.19,419.1
Seoul,Mid-latitude,2010-10-01,13.09,31.0
Seoul,Mid-latitude,2010-11-01,5.39,15.9
Seoul,Mid-latitude,2010-12-01,-1.65,23.87
Seoul,Mid-latitude,2011-01-01,-7.73,8.68
Seoul,Mid-latitude,2011-02-01,-0.76,49.28
Seoul,Mid-latitude,2011-03-01,1.6,22.32
Seoul,Mid-latitude,2011-04-01,7.8,122.1
Seoul,Mid-latitude,2011-05-01,14.91,94.55
Seoul,Mid-latitude,2011-06-01,19.93,366.3
Seoul,Mid-latitude,2011-07-01,23.68,713.0
Seoul,Mid-latitude,2011-08-01,24.47,241.8
Seoul,Mid-latitude,2011-09-01,19.6,83.4
Seoul,Mid-latitude,2011-10-01,12.62,39.37
Seoul,Mid-latitude,2011-11-01,9.14,84.0
Seoul,Mid-latitude,2011-12-01,-2.09,21.39
Seoul,Mid-latitude,2012-01-01,-4.38,12.09
Seoul,Mid-latitude,2012-02-01,-3.54,3.19
Seoul,Mid-latitude,2012-03-01,2.81,48.36
Seoul,Mid-latitude,2012-04-01,9.51,118.5
Seoul,Mid-latitude,2012-05-01,16.58,26.97
Seoul,Mid-latitude,2012-06-01,21.43,82.8
Seoul,Mid-latitude,2012-07-01,23.98,354.02
Seoul,Mid-latitude,2012-08-01,25.55,394.63
Seoul,Mid-latitude,2012-09-01,19.62,121.8
Seoul,Mid-latitude,2012-10-01,13.72,74.09
Seoul,Mid-latitude,2012-11-01,4.67,58.2
Seoul,Mid-latitude,2012-12-01,-4.84,45.57
Seoul,Mid-latitude,2013-01-01,-5.28,29.76
Seoul,Mid-latitude,2013-02-01,-3.03,48.44
Seoul,Mid-latitude,2013-03-01,2.43,40.92
Seoul,Mid-latitude,2013-04-01,7.46,63.9
Seoul,Mid-latitude,2013-05-01,15.25,110.36
Seoul,Mid-latitude,2013-06-01,21.41,82.8
Seoul,Mid-latitude,2013-07-01,24.45,506.85
Seoul,Mid-latitude,2013-08-01,25.84,110.67
Seoul,Mid-latitude,2013-09-01,20.35,107.7
Seoul,Mid-latitude,2013-10-01,14.08,7.75
Seoul,Mid-latitude,2013-11-01,5.63,45.6
Seoul,Mid-latitude,2013-12-01,-0.72,13.02
Seoul,Mid-latitude,2014-01-01,-2.0,5.89
Seoul,Mid-latitude,2014-02-01,-0.1,23.24
Seoul,Mid-latitude,2014-03-01,5.0,13.33
Seoul,Mid-latitude,2014-04-01,11.23,42.9
Seoul,Mid-latitude,2014-05-01,15.96,50.53
Seoul,Mid-latitude,2014-06-01,21.24,75.0
Seoul,Mid-latitude,2014-07-01,24.99,140.12
Seoul,Mid-latitude,2014-08-01,23.69,222.58
Seoul,Mid-latitude,2014-09-01,20.63,91.2
Seoul,Mid-latitude,2014-10-01,14.23,85.56
Seoul,Mid-latitude,2014-11-01,7.6,39.0
Seoul,Mid-latitude,2014-12-01,-3.14,20.46
Seoul,Mid-latitude,2015-01-01,-2.2,19.22
Seoul,Mid-latitude,2015-02-01,-0.31,31.64
Seoul,Mid-latitude,2015-03-01,3.74,15.81
Seoul,Mid-latitude,2015-04-01,10.68,82.2
Seoul,Mid-latitude,2015-05-01,16.1,35.03
Seoul,Mid-latitude,2015-06-01,21.58,63.6
Seoul,Mid-latitude,2015-07-01,24.3,234.36
Seoul,Mid-latitude,2015-08-01,24.95,95.79
Seoul,Mid-latitude,2015-09-01,20.79,48.3
Seoul,Mid-latitude,2015-10-01,14.46,93.93
Seoul,Mid-latitude,2015-11-01,8.46,127.8
Seoul,Mid-latitude,2015-12-01,1.09,38.75
Seoul,Mid-latitude,2016-01-01,-3.61,3.72
Seoul,Mid-latitude,2016-02-01,-0.67,50.46
Seoul,Mid-latitude,2016-03-01,4.37,39.37
Seoul,Mid-latitude,2016-04-01,11.38,80.7
Seoul,Mid-latitude,2016-05-01,16.83,139.5
Seoul,Mid-latitude,2016-06-01,21.4,33.9
Seoul,Mid-latitude,2016-07-01,24.44,294.5
Seoul,Mid-latitude,2016-08-01,26.22,63.55
Seoul,Mid-latitude,2016-09-01,21.78,53.4
Seoul,Mid-latitude,2016-10-01,14.8,97.96
Seoul,Mid-latitude,2016-11-01,5.93,23.1
Seoul,Mid-latitude,2016-12-01,0.96,50.22
Seoul,Mid-latitude,2017-01-01,-2.2,16.74
Seoul,Mid-latitude,2017-02-01,-1.04,19.32
Seoul,Mid-latitude,2017-03-01,4.14,16.74
Seoul,Mid-latitude,2017-04-01,10.97,47.1
Seoul,Mid-latitude,2017-05-01,16.8,33.17
Seoul,Mid-latitude,2017-06-01,21.47,40.5
Seoul,Mid-latitude,2017-07-01,25.33,448.26
Seoul,Mid-latitude,2017-08-01,24.38,387.19
Seoul,Mid-latitude,2017-09-01,20.07,38.1
Seoul,Mid-latitude,2017-10-01,14.17,30.07
Seoul,Mid-latitude,2017-11-01,5.04,23.4
Seoul,Mid-latitude,2017-12-01,-2.22,27.59
Seoul,Mid-latitude,2018-01-01,-4.68,8.68
Seoul,Mid-latitude,2018-02-01,-2.77,20.72
Seoul,Mid-latitude,2018-03-01,4.92,51.77
Seoul,Mid-latitude,2018-04-01,10.35,117.0
Seoul,Mid-latitude,2018-05-01,15.76,132.68
Seoul,Mid-latitude,2018-06-01,20.73,117.3
Seoul,Mid-latitude,2018-07-01,25.62,179.49
Seoul,Mid-latitude,2018-08-01,26.95,222.27
Seoul,Mid-latitude,2018-09-01,20.11,133.8
Seoul,Mid-latitude,2018-10-01,12.62,108.19
Seoul,Mid-latitude,2018-11-01,7.24,56.7
Seoul,Mid-latitude,2018-12-01,-1.18,17.67
Seoul,Mid-latitude,2019-01-01,-1.83,1.55
Seoul,Mid-latitude,2019-02-01,-0.4,24.64
Seoul,Mid-latitude,2019-03-01,4.73,39.68
Seoul,Mid-latitude,2019-04-01,10.04,45.6
Seoul,Mid-latitude,2019-05-01,16.69,27.59
Seoul,Mid-latitude,2019-06-01,20.88,67.2
Seoul,Mid-latitude,2019-07-01,24.89,205.22
Seoul,Mid-latitude,2019-08-01,26.06,112.22
Seoul,Mid-latitude,2019-09-01,21.53,159.0
Seoul,Mid-latitude,2019-10-01,15.36,76.57
Seoul,Mid-latitude,2019-11-01,7.03,75.6
Seoul,Mid-latitude,2019-12-01,1.0,23.56
Seoul,Mid-latitude,2020-01-01,0.6,66.65
Seoul,Mid-latitude,2020-02-01,1.14,54.81
Seoul,Mid-latitude,2020-03-01,5.57,12.4
Seoul,Mid-latitude,2020-04-01,9.12,19.5
Seoul,Mid-latitude,2020-05-01,16.25,105.71
Seoul,Mid-latitude,2020-06-01,21.88,134.4
Seoul,Mid-latitude,2020-07-01,22.77,377.89
Seoul,Mid-latitude,2020-08-01,25.65,578.15
Seoul,Mid-latitude,2020-09-01,19.98,242.1
Seoul,Mid-latitude,2020-10-01,13.11,8.37
Seoul,Mid-latitude,2020-11-01,7.18,53.4
Seoul,Mid-latitude,2020-12-01,-0.85,4.96
Singapore,Tropical,1991-01-01,25.94,127.41
Singapore,Tropical,1991-02-01,26.44,58.24
Singapore,Tropical,1991-03-01,27.22,116.87
Singapore,Tropical,1991-04-01,27.57,155.1
Singapore,Tropical,1991-05-01,27.5,246.76
Singapore,Tropical,1991-06-01,27.57,84.0
Singapore,Tropical,1991-07-01,26.92,36.58
Singapore,Tropical,1991-08-01,27.11,214.21
Singapore,Tropical,1991-09-01,26.74,132.0
Singapore,Tropical,1991-10-01,26.89,60.14
Singapore,Tropical,1991-11-01,26.21,149.4
Singapore,Tropical,1991-12-01,25.65,420.67
Singapore,Tropical,1992-01-01,25.73,52.39
Singapore,Tropical,1992-02-01,26.41,91.06
Singapore,Tropical,1992-03-01,27.33,101.68
Singapore,Tropical,1992-04-01,27.98,184.2
Singapore,Tropical,1992-05-01,28.0,149.11
Singapore,Tropical,1992-06-01,27.45,162.3
Singapore,Tropical,1992-07-01,26.65,283.03
Singapore,Tropical,1992-08-01,26.71,91.76
Singapore,Tropical,1992-09-01,26.89,111.9
Singapore,Tropical,1992-10-01,26.72,223.51
Singapore,Tropical,1992-11-01,26.04,400.8
Singapore,Tropical,1992-12-01,25.53,371.38
Singapore,Tropical,1993-01-01,25.55,160.58
Singapore,Tropical,1993-02-01,25.67,91.0
Singapore,Tropical,1993-03-01,26.24,254.2
Singapore,Tropical,1993-04-01,27.34,227.1
Singapore,Tropical,1993-05-01,27.67,140.74
Singapore,Tropical,1993-06-01,27.34,133.2
Singapore,Tropical,1993-07-01,26.83,226.92
Singapore,Tropical,1993-08-01,26.83,108.81
Singapore,Tropical,1993-09-01,26.72,85.5
Singapore,Tropical,1993-10-01,26.81,223.82
Singapore,Tropical,1993-11-01,26.77,217.2
Singapore,Tropical,1993-12-01,26.2,302.25
Singapore,Tropical,1994-01-01,25.76,83.7
Singapore,Tropical,1994-02-01,26.25,117.6
Singapore,Tropical,1994-03-01,26.3,338.21
Singapore,Tropical,1994-04-01,27.35,161.7
Singapore,Tropical,1994-05-01,27.17,196.23
Singapore,Tropical,1994-06-01,26.9,145.8
Singapore,Tropical,1994-07-01,26.66,78.12
Singapore,Tropical,1994-08-01,26.71,65.41
Singapore,Tropical,1994-09-01,26.86,49.2
Singapore,Tropical,1994-10-01,27.19,88.97
Singapore,Tropical,1994-11-01,26.26,367.8
Singapore,Tropical,1994-12-01,26.17,363.94
Singapore,Tropical,1995-01-01,25.79,288.61
Singapore,Tropical,1995-02-01,25.63,159.04
Singapore,Tropical,1995-03-01,26.68,90.83
Singapore,Tropical,1995-04-01,27.4,240.0
Singapore,Tropical,1995-05-01,27.49,119.04
Singapore,Tropical,1995-06-01,27.6,103.8
Singapore,Tropical,1995-07-01,26.79,211.73
Singapore,Tropical,1995-08-01,26.64,227.54
Singapore,Tropical,1995-09-01,26.93,114.6
Singapore,Tropical,1995-10-01,27.2,139.5
Singapore,Tropical,1995-11-01,26.75,382.2
Singapore,Tropical,1995-12-01,25.7,281.48
Singapore,Tropical,1996-01-01,25.07,151.59
Singapore,Tropical,1996-02-01,25.45,138.91
Singapore,Tropical,1996-03-01,26.38,118.73
Singapore,Tropical,1996-04-01,27.51,200.4
Singapore,Tropical,1996-05-01,27.51,136.71
Singapore,Tropical,1996-06-01,27.21,239.7
Singapore,Tropical,1996-07-01,26.97,172.05
Singapore,Tropical,1996-08-01,26.38,245.21
Singapore,Tropical,1996-09-01,26.62,255.9
Singapore,Tropical,1996-10-01,26.66,279.31
Singapore,Tropical,1996-11-01,26.6,180.6
Singapore,Tropical,1996-12-01,25.63,162.75
Singapore,Tropical,1997-01-01,25.39,28.21
Singapore,Tropical,1997-02-01,26.16,94.64
Singapore,Tropical,1997-03-01,26.99,60.76
Singapore,Tropical,1997-04-01,27.57,156.6
Singapore,Tropical,1997-05-01,28.01,80.29
Singapore,Tropical,1997-06-01,27.97,129.0
Singapore,Tropical,1997-07-01,27.82,39.06
Singapore,Tropical,1997-08-01,27.48,108.5
Singapore,Tropical,1997-09-01,27.55,45.6
Singapore,Tropical,1997-10-01,27.57,85.56
Singapore,Tropical,1997-11-01,27.21,178.2
Singapore,Tropical,1997-12-01,26.53,299.77
Singapore,Tropical,1998-01-01,26.9,221.96
Singapore,Tropical,1998-02-01,27.34,38.92
Singapore,Tropical,1998-03-01,28.18,67.89
Singapore,Tropical,1998-04-01,28.69,162.0
Singapore,Tropical,1998-05-01,28.76,253.89
Singapore,Tropical,1998-06-01,27.93,175.5
Singapore,Tropical,1998-07-01,27.26,221.65
Singapore,Tropical,1998-08-01,26.9,197.16
Singapore,Tropical,1998-09-01,27.0,261.3
Singapore,Tropical,1998-10-01,27.13,219.17
Singapore,Tropical,1998-11-01,26.89,146.4
Singapore,Tropical,1998-12-01,26.21,363.94
Singapore,Tropical,1999-01-01,25.96,169.88
Singapore,Tropical,1999-02-01,25.93,46.2
Singapore,Tropical,1999-03-01,26.93,175.46
Singapore,Tropical,1999-04-01,27.42,106.2
Singapore,Tropical,1999-05-01,27.25,146.94
Singapore,Tropical,1999-06-01,26.89,105.6
Singapore,Tropical,1999-07-01,26.55,218.86
Singapore,Tropical,1999-08-01,26.59,217.0
Singapore,Tropical,1999-09-01,26.72,146.7
Singapore,Tropical,1999-10-01,26.6,172.98
Singapore,Tropical,1999-11-01,26.37,229.2
Singapore,Tropical,1999-12-01,25.81,258.54
Singapore,Tropical,2000-01-01,25.52,277.45
Singapore,Tropical,2000-02-01,25.7,200.97
Singapore,Tropical,2000-03-01,26.51,196.23
Singapore,Tropical,2000-04-01,27.36,269.1
Singapore,Tropical,2000-05-01,27.73,106.02
Singapore,Tropical,2000-06-01,26.81,159.9
Singapore,Tropical,2000-07-01,26.68,149.73
Singapore,Tropical,2000-08-01,26.37,136.4
Singapore,Tropical,2000-09-01,26.84,132.3
Singapore,Tropical,2000-10-01,26.87,187.86
Singapore,Tropical,2000-11-01,26.8,384.0
Singapore,Tropical,2000-12-01,26.44,248.31
Singapore,Tropical,2001-01-01,25.83,354.95
Singapore,Tropical,2001-02-01,25.64,110.04
Singapore,Tropical,2001-03-01,26.77,260.09
Singapore,Tropical,2001-04-01,27.45,226.8
Singapore,Tropical,2001-05-01,27.82,177.94
Singapore,Tropical,2001-06-01,27.09,141.0
Singapore,Tropical,2001-07-01,27.08,145.7
Singapore,Tropical,2001-08-01,26.88,184.76
Singapore,Tropical,2001-09-01,26.79,171.0
Singapore,Tropical,2001-10-01,27.06,269.08
Singapore,Tropical,2001-11-01,26.47,211.5
Singapore,Tropical,2001-12-01,26.03,491.66
Singapore,Tropical,2002-01-01,25.67,204.6
Singapore,Tropical,2002-02-01,25.53,53.48
Singapore,Tropical,2002-03-01,26.79,82.77
Singapore,Tropical,2002-04-01,27.61,149.7
Singapore,Tropical,2002-05-01,27.87,222.27
Singapore,Tropical,2002-06-01,27.4,110.4
Singapore,Tropical,2002-07-01,27.14,272.49
Singapore,Tropical,2002-08-01,27.0,106.64
Singapore,Tropical,2002-09-01,26.8,143.4
Singapore,Tropical,2002-10-01,27.43,44.02
Singapore,Tropical,2002-11-01,26.81,290.7
Singapore,Tropical,2002-12-01,26.58,276.52
Singapore,Tropical,2003-01-01,25.98,243.04
Singapore,Tropical,2003-02-01,26.0,176.12
Singapore,Tropical,2003-03-01,26.91,159.65
Singapore,Tropical,2003-04-01,27.68,215.4
Singapore,Tropical,2003-05-01,28.0,89.9
Singapore,Tropical,2003-06-01,27.52,66.3
Singapore,Tropical,2003-07-01,26.95,160.27
Singapore,Tropical,2003-08-01,26.99,179.49
Singapore,Tropical,2003-09-01,26.8,201.9
Singapore,Tropical,2003-10-01,26.79,322.71
Singapore,Tropical,2003-11-01,26.52,175.2
Singapore,Tropical,2003-12-01,25.8,276.52
Singapore,Tropical,2004-01-01,25.87,505.61
Singapore,Tropical,2004-02-01,25.92,36.83
Singapore,Tropical,2004-03-01,26.66,263.5
Singapore,Tropical,2004-04-01,27.84,101.7
Singapore,Tropical,2004-05-01,28.01,193.44
Singapore,Tropical,2004-06-01,27.37,143.7
Singapore,Tropical,2004-07-01,26.41,172.36
Singapore,Tropical,2004-08-01,26.83,186.93
Singapore,Tropical,2004-09-01,26.83,178.8
Singapore,Tropical,2004-10-01,26.91,183.21
Singapore,Tropical,2004-11-01,26.56,196.5
Singapore,Tropical,2004-12-01,25.91,139.81
Singapore,Tropical,2005-01-01,25.45,169.26
Singapore,Tropical,2005-02-01,26.72,29.68
Singapore,Tropical,2005-03-01,27.2,119.97
Singapore,Tropical,2005-04-01,27.58,136.2
Singapore,Tropical,2005-05-01,27.79,327.98
Singapore,Tropical,2005-06-01,27.62,85.8
Singapore,Tropical,2005-07-01,27.05,140.43
Singapore,Tropical,2005-08-01,26.89,157.48
Singapore,Tropical,2005-09-01,27.21,166.2
Singapore,Tropical,2005-10-01,26.95,316.51
Singapore,Tropical,2005-11-01,26.55,337.2
Singapore,Tropical,2005-12-01,26.21,176.39
Singapore,Tropical,2006-01-01,25.72,374.17
Singapore,Tropical,2006-02-01,26.26,119.84
Singapore,Tropical,2006-03-01,26.92,101.99
Singapore,Tropical,2006-04-01,27.5,255.0
Singapore,Tropical,2006-05-01,27.61,209.56
Singapore,Tropical,2006-06-01,26.95,240.0
Singapore,Tropical,2006-07-01,26.98,203.36
Singapore,Tropical,2006-08-01,26.9,159.34
Singapore,Tropical,2006-09-01,26.85,116.1
Singapore,Tropical,2006-10-01,27.1,130.51
Singapore,Tropical,2006-11-01,26.67,201.0
Singapore,Tropical,2006-12-01,26.38,694.09
Singapore,Tropical,2007-01-01,25.77,451.36
Singapore,Tropical,2007-02-01,25.88,109.76
Singapore,Tropical,2007-03-01,26.81,256.99
Singapore,Tropical,2007-04-01,27.58,219.0
Singapore,Tropical,2007-05-01,27.56,167.09
Singapore,Tropical,2007-06-01,27.44,174.9
Singapore,Tropical,2007-07-01,26.87,176.39
Singapore,Tropical,2007-08-01,26.66,201.81
Singapore,Tropical,2007-09-01,26.79,167.1
Singapore,Tropical,2007-10-01,26.86,301.94
Singapore,Tropical,2007-11-01,26.41,293.1
Singapore,Tropical,2007-12-01,25.7,338.52
Singapore,Tropical,2008-01-01,25.88,193.13
Singapore,Tropical,2008-02-01,25.82,134.27
Singapore,Tropical,2008-03-01,26.14,296.98
Singapore,Tropical,2008-04-01,27.39,171.0
Singapore,Tropical,2008-05-01,27.38,126.48
Singapore,Tropical,2008-06-01,27.12,172.8
Singapore,Tropical,2008-07-01,26.59,205.84
Singapore,Tropical,2008-08-01,26.76,279.31
Singapore,Tropical,2008-09-01,26.75,183.6
Singapore,Tropical,2008-10-01,27.34,230.33
Singapore,Tropical,2008-11-01,27.09,283.5
Singapore,Tropical,2008-12-01,25.97,229.71
Singapore,Tropical,2009-01-01,25.4,43.4
Singapore,Tropical,2009-02-01,26.17,130.76
Singapore,Tropical,2009-03-01,26.95,255.44
Singapore,Tropical,2009-04-01,27.56,145.5
Singapore,Tropical,2009-05-01,27.95,171.12
Singapore,Tropical,2009-06-01,27.59,116.1
Singapore,Tropical,2009-07-01,27.07,184.14
Singapore,Tropical,2009-08-01,27.15,205.84
Singapore,Tropical,2009-09-01,27.37,175.5
Singapore,Tropical,2009-10-01,27.39,211.73
Singapore,Tropical,2009-11-01,26.83,277.2
Singapore,Tropical,2009-12-01,26.08,223.51
Singapore,Tropical,2010-01-01,26.27,57.66
Singapore,Tropical,2010-02-01,27.18,31.08
Singapore,Tropical,2010-03-01,27.45,256.06
Singapore,Tropical,2010-04-01,28.15,206.1
Singapore,Tropical,2010-05-01,28.73,193.13
Singapore,Tropical,2010-06-01,27.7,264.6
Singapore,Tropical,2010-07-01,27.28,258.54
Singapore,Tropical,2010-08-01,27.09,187.55
Singapore,Tropical,2010-09-01,27.43,212.7
Singapore,Tropical,2010-10-01,27.39,178.56
Singapore,Tropical,2010-11-01,26.91,279.0
Singapore,Tropical,2010-12-01,25.82,167.71
Singapore,Tropical,2011-01-01,25.26,586.52
Singapore,Tropical,2011-02-01,25.74,21.28
Singapore,Tropical,2011-03-01,26.36,228.47
Singapore,Tropical,2011-04-01,27.01,251.7
Singapore,Tropical,2011-05-01,27.76,149.73
Singapore,Tropical,2011-06-01,27.53,213.0
Singapore,Tropical,2011-07-01,27.19,141.36
Singapore,Tropical,2011-08-01,27.05,204.29
Singapore,Tropical,2011-09-01,27.18,190.2
Singapore,Tropical,2011-10-01,26.85,270.94
Singapore,Tropical,2011-11-01,26.56,384.3
Singapore,Tropical,2011-12-01,25.96,314.65
Singapore,Tropical,2012-01-01,26.0,120.9
Singapore,Tropical,2012-02-01,26.35,121.22
Singapore,Tropical,2012-03-01,26.89,239.01
Singapore,Tropical,2012-04-01,27.9,265.2
Singapore,Tropical,2012-05-01,27.96,291.4
Singapore,Tropical,2012-06-01,27.72,89.1
Singapore,Tropical,2012-07-01,26.97,153.45
Singapore,Tropical,2012-08-01,27.18,123.38
Singapore,Tropical,2012-09-01,27.13,179.4
Singapore,Tropical,2012-10-01,27.55,147.56
Singapore,Tropical,2012-11-01,27.29,273.9
Singapore,Tropical,2012-12-01,26.5,347.51
Singapore,Tropical,2013-01-01,26.06,201.5
Singapore,Tropical,2013-02-01,25.97,330.12
Singapore,Tropical,2013-03-01,27.42,87.42
Singapore,Tropical,2013-04-01,28.07,236.1
Singapore,Tropical,2013-05-01,28.17,257.92
Singapore,Tropical,2013-06-01,28.1,127.5
Singapore,Tropical,2013-07-01,27.3,185.07
Singapore,Tropical,2013-08-01,27.12,139.19
Singapore,Tropical,2013-09-01,27.11,224.7
Singapore,Tropical,2013-10-01,27.28,218.55
Singapore,Tropical,2013-11-01,27.16,348.3
Singapore,Tropical,2013-12-01,26.18,325.81
Singapore,Tropical,2014-01-01,25.17,108.5
Singapore,Tropical,2014-02-01,25.9,0.56
Singapore,Tropical,2014-03-01,27.11,73.47
Singapore,Tropical,2014-04-01,28.53,183.9
Singapore,Tropical,2014-05-01,28.67,244.9
Singapore,Tropical,2014-06-01,28.28,150.9
Singapore,Tropical,2014-07-01,27.77,204.29
Singapore,Tropical,2014-08-01,27.16,247.07
Singapore,Tropical,2014-09-01,27.47,125.7
Singapore,Tropical,2014-10-01,27.92,116.56
Singapore,Tropical,2014-11-01,27.26,312.0
Singapore,Tropical,2014-12-01,26.51,303.8
Singapore,Tropical,2015-01-01,25.55,81.53
Singapore,Tropical,2015-02-01,25.74,48.16
Singapore,Tropical,2015-03-01,27.0,118.73
Singapore,Tropical,2015-04-01,27.89,156.9
Singapore,Tropical,2015-05-01,28.11,150.97
Singapore,Tropical,2015-06-01,27.75,129.6
Singapore,Tropical,2015-07-01,27.51,109.43
Singapore,Tropical,2015-08-01,27.23,206.46
Singapore,Tropical,2015-09-01,27.38,69.3
Singapore,Tropical,2015-10-01,27.63,158.72
Singapore,Tropical,2015-11-01,27.63,292.2
Singapore,Tropical,2015-12-01,27.05,256.37
Singapore,Tropical,2016-01-01,27.2,156.24
Singapore,Tropical,2016-02-01,26.72,223.3
Singapore,Tropical,2016-03-01,27.53,51.77
Singapore,Tropical,2016-04-01,28.59,111.0
Singapore,Tropical,2016-05-01,28.89,166.47
Singapore,Tropical,2016-06-01,27.76,208.2
Singapore,Tropical,2016-07-01,27.55,162.13
Singapore,Tropical,2016-08-01,27.58,166.16
Singapore,Tropical,2016-09-01,27.64,164.7
Singapore,Tropical,2016-10-01,27.28,227.54
Singapore,Tropical,2016-11-01,27.18,329.7
Singapore,Tropical,2016-12-01,26.7,253.89
Singapore,Tropical,2017-01-01,26.56,269.7
Singapore,Tropical,2017-02-01,26.24,173.32
Singapore,Tropical,2017-03-01,26.86,214.21
Singapore,Tropical,2017-04-01,27.67,253.8
Singapore,Tropical,2017-05-01,27.94,251.72
Singapore,Tropical,2017-06-01,27.78,154.2
Singapore,Tropical,2017-07-01,27.16,123.07
Singapore,Tropical,2017-08-01,27.18,194.06
Singapore,Tropical,2017-09-01,27.49,173.4
Singapore,Tropical,2017-10-01,27.76,246.14
Singapore,Tropical,2017-11-01,27.08,354.9
Singapore,Tropical,2017-12-01,26.64,277.76
Singapore,Tropical,2018-01-01,25.77,350.92
Singapore,Tropical,2018-02-01,25.87,55.72
Singapore,Tropical,2018-03-01,27.03,125.24
Singapore,Tropical,2018-04-01,27.73,174.6
Singapore,Tropical,2018-05-01,28.28,163.37
Singapore,Tropical,2018-06-01,27.5,175.5
Singapore,Tropical,2018-07-01,27.16,130.82
Singapore,Tropical,2018-08-01,27.25,107.26
Singapore,Tropical,2018-09-01,27.19,165.6
Singapore,Tropical,2018-10-01,27.56,221.96
Singapore,Tropical,2018-11-01,27.25,277.5
Singapore,Tropical,2018-12-01,27.05,250.79
Singapore,Tropical,2019-01-01,26.69,123.69
Singapore,Tropical,2019-02-01,26.94,29.68
Singapore,Tropical,2019-03-01,27.71,102.61
Singapore,Tropical,2019-04-01,28.6,190.5
Singapore,Tropical,2019-05-01,28.59,185.38
Singapore,Tropical,2019-06-01,27.89,224.4
Singapore,Tropical,2019-07-01,27.61,101.06
Singapore,Tropical,2019-08-01,27.65,56.42
Singapore,Tropical,2019-09-01,27.8,78.6
Singapore,Tropical,2019-10-01,27.91,218.86
Singapore,Tropical,2019-11-01,27.6,205.2
Singapore,Tropical,2019-12-01,26.33,397.73
Singapore,Tropical,2020-01-01,26.66,97.34
Singapore,Tropical,2020-02-01,26.83,114.55
Singapore,Tropical,2020-03-01,27.62,73.78
Singapore,Tropical,2020-04-01,28.14,207.0
Singapore,Tropical,2020-05-01,28.56,231.57
Singapore,Tropical,2020-06-01,27.61,284.1
Singapore,Tropical,2020-07-01,27.09,251.41
Singapore,Tropical,2020-08-01,27.28,167.4
Singapore,Tropical,2020-09-01,26.94,246.0
Singapore,Tropical,2020-10-01,27.26,175.46
Singapore,Tropical,2020-11-01,26.88,342.0
Singapore,Tropical,2020-12-01,26.42,267.53
Tokyo,Mid-latitude,1991-01-01,4.75,42.78
Tokyo,Mid-latitude,1991-02-01,4.97,73.08
Tokyo,Mid-latitude,1991-03-01,9.58,185.69
Tokyo,Mid-latitude,1991-04-01,14.41,120.3
Tokyo,Mid-latitude,1991-05-01,17.7,70.99
Tokyo,Mid-latitude,1991-06-01,22.99,155.1
Tokyo,Mid-latitude,1991-07-01,25.8,86.49
Tokyo,Mid-latitude,1991-08-01,25.53,153.76
Tokyo,Mid-latitude,1991-09-01,23.99,288.9
Tokyo,Mid-latitude,1991-10-01,18.33,523.59
Tokyo,Mid-latitude,1991-11-01,12.27,94.8
Tokyo,Mid-latitude,1991-12-01,8.27,42.78
Tokyo,Mid-latitude,1992-01-01,5.68,61.38
Tokyo,Mid-latitude,1992-02-01,5.28,39.44
Tokyo,Mid-latitude,1992-03-01,9.67,214.21
Tokyo,Mid-latitude,1992-04-01,14.2,160.8
Tokyo,Mid-latitude,1992-05-01,16.81,168.64
Tokyo,Mid-latitude,1992-06-01,20.22,221.7
Tokyo,Mid-latitude,1992-07-01,24.82,89.28
Tokyo,Mid-latitude,1992-08-01,25.84,41.23
Tokyo,Mid-latitude,1992-09-01,22.73,101.7
Tokyo,Mid-latitude,1992-10-01,17.11,290.47
Tokyo,Mid-latitude,1992-11-01,12.51,132.6
Tokyo,Mid-latitude,1992-12-01,8.1,50.22
Tokyo,Mid-latitude,1993-01-01,5.55,134.54
Tokyo,Mid-latitude,1993-02-01,6.23,77.28
Tokyo,Mid-latitude,1993-03-01,7.59,69.44
Tokyo,Mid-latitude,1993-04-01,12.14,57.3
Tokyo,Mid-latitude,1993-05-01,16.84,79.36
Tokyo,Mid-latitude,1993-06-01,20.99,198.0
Tokyo,Mid-latitude,1993-07-01,22.38,262.26
Tokyo,Mid-latitude,1993-08-01,24.54,205.53
Tokyo,Mid-latitude,1993-09-01,22.46,170.1
Tokyo,Mid-latitude,1993-10-01,16.69,165.85
Tokyo,Mid-latitude,1993-11-01,13.03,123.3
Tokyo,Mid-latitude,1993-12-01,7.46,84.94
Tokyo,Mid-latitude,1994-01-01,4.6,54.25
Tokyo,Mid-latitude,1994-02-01,4.58,92.96
Tokyo,Mid-latitude,1994-03-01,6.94,182.59
Tokyo,Mid-latitude,1994-04-01,14.04,70.5
Tokyo,Mid-latitude,1994-05-01,18.36,134.85
Tokyo,Mid-latitude,1994-06-01,22.06,107.4
Tokyo,Mid-latitude,1994-07-01,27.18,49.6
Tokyo,Mid-latitude,1994-08-01,27.96,96.41
Tokyo,Mid-latitude,1994-09-01,24.39,295.2
Tokyo,Mid-latitude,1994-10-01,19.25,76.57
Tokyo,Mid-latitude,1994-11-01,12.33,60.3
Tokyo,Mid-latitude,1994-12-01,7.45,41.23
Tokyo,Mid-latitude,1995-01-01,4.5,46.5
Tokyo,Mid-latitude,1995-02-01,4.69,31.08
Tokyo,Mid-latitude,1995-03-01,8.09,162.44
Tokyo,Mid-latitude,1995-04-01,13.59,122.7
Tokyo,Mid-latitude,1995-05-01,18.06,230.64
Tokyo,Mid-latitude,1995-06-01,20.3,219.0
Tokyo,Mid-latitude,1995-07-01,25.37,165.54
Tokyo,Mid-latitude,1995-08-01,27.76,34.41
Tokyo,Mid-latitude,1995-09-01,22.44,196.8
Tokyo,Mid-latitude,1995-10-01,18.3,99.82
Tokyo,Mid-latitude,1995-11-01,11.3,38.1
Tokyo,Mid-latitude,1995-12-01,6.22,7.13
Tokyo,Mid-latitude,1996-01-01,4.71,31.62
Tokyo,Mid-latitude,1996-02-01,4.32,44.66
Tokyo,Mid-latitude,1996-03-01,8.02,123.38
Tokyo,Mid-latitude,1996-04-01,11.26,68.7
Tokyo,Mid-latitude,1996-05-01,16.9,122.76
Tokyo,Mid-latitude,1996-06-01,21.82,74.1
Tokyo,Mid-latitude,1996-07-01,24.86,271.56
Tokyo,Mid-latitude,1996-08-01,25.22,60.45
Tokyo,Mid-latitude,1996-09-01,21.57,256.8
Tokyo,Mid-latitude,1996-10-01,17.01,109.43
Tokyo,Mid-latitude,1996-11-01,12.72,141.9
Tokyo,Mid-latitude,1996-12-01,7.82,52.7
Tokyo,Mid-latitude,1997-01-01,4.6,42.16
Tokyo,Mid-latitude,1997-02-01,4.95,49.0
Tokyo,Mid-latitude,1997-03-01,9.24,102.61
Tokyo,Mid-latitude,1997-04-01,13.93,136.2
Tokyo,Mid-latitude,1997-05-01,18.15,200.88
Tokyo,Mid-latitude,1997-06-01,21.52,139.2
Tokyo,Mid-latitude,1997-07-01,25.23,176.39
Tokyo,Mid-latitude,1997-08-01,26.06,56.73
Tokyo,Mid-latitude,1997-09-01,22.98,163.2
Tokyo,Mid-latitude,1997-10-01,17.08,31.31
Tokyo,Mid-latitude,1997-11-01,13.66,105.9
Tokyo,Mid-latitude,1997-12-01,8.02,62.93
Tokyo,Mid-latitude,1998-01-01,4.43,146.01
Tokyo,Mid-latitude,1998-02-01,6.11,129.64
Tokyo,Mid-latitude,1998-03-01,8.59,119.04
Tokyo,Mid-latitude,1998-04-01,15.94,214.5
Tokyo,Mid-latitude,1998-05-01,19.8,163.37
Tokyo,Mid-latitude,1998-06-01,21.08,212.1
Tokyo,Mid-latitude,1998-07-01,24.86,185.69
Tokyo,Mid-latitude,1998-08-01,26.75,142.29
Tokyo,Mid-latitude,1998-09-01,23.6,232.5
Tokyo,Mid-latitude,1998-10-01,19.63,182.9
Tokyo,Mid-latitude,1998-11-01,12.64,18.9
Tokyo,Mid-latitude,1998-12-01,7.82,58.59
Tokyo,Mid-latitude,1999-01-01,4.8,17.05
Tokyo,Mid-latitude,1999-02-01,5.19,59.92
Tokyo,Mid-latitude,1999-03-01,9.28,183.21
Tokyo,Mid-latitude,1999-04-01,13.56,222.9
Tokyo,Mid-latitude,1999-05-01,18.3,104.78
Tokyo,Mid-latitude,1999-06-01,22.13,157.2
Tokyo,Mid-latitude,1999-07-01,24.82,237.15
Tokyo,Mid-latitude,1999-08-01,27.04,143.22
Tokyo,Mid-latitude,1999-09-01,25.33,95.4
Tokyo,Mid-latitude,1999-10-01,18.62,136.09
Tokyo,Mid-latitude,1999-11-01,13.4,106.8
Tokyo,Mid-latitude,1999-12-01,7.5,15.5
Tokyo,Mid-latitude,2000-01-01,6.49,89.9
Tokyo,Mid-latitude,2000-02-01,3.9,14.79
Tokyo,Mid-latitude,2000-03-01,7.89,105.71
Tokyo,Mid-latitude,2000-04-01,13.16,137.4
Tokyo,Mid-latitude,2000-05-01,18.58,134.54
Tokyo,Mid-latitude,2000-06-01,21.59,263.7
Tokyo,Mid-latitude,2000-07-01,25.61,244.28
Tokyo,Mid-latitude,2000-08-01,26.55,76.88
Tokyo,Mid-latitude,2000-09-01,24.03,250.8
Tokyo,Mid-latitude,2000-10-01,17.95,159.34
Tokyo,Mid-latitude,2000-11-01,13.06,100.5
Tokyo,Mid-latitude,2000-12-01,7.02,27.59
Tokyo,Mid-latitude,2001-01-01,3.51,173.91
Tokyo,Mid-latitude,2001-02-01,4.72,41.44
Tokyo,Mid-latitude,2001-03-01,8.23,144.15
Tokyo,Mid-latitude,2001-04-01,13.77,58.5
Tokyo,Mid-latitude,2001-05-01,18.31,156.55
Tokyo,Mid-latitude,2001-06-01,22.28,138.0
Tokyo,Mid-latitude,2001-07-01,26.72,28.21
Tokyo,Mid-latitude,2001-08-01,26.37,125.24
Tokyo,Mid-latitude,2001-09-01,22.5,190.2
Tokyo,Mid-latitude,2001-10-01,17.97,319.61
Tokyo,Mid-latitude,2001-11-01,11.87,142.2
Tokyo,Mid-latitude,2001-12-01,6.2,58.9
Tokyo,Mid-latitude,2002-01-01,5.91,132.06
Tokyo,Mid-latitude,2002-02-01,5.72,42.0
Tokyo,Mid-latitude,2002-03-01,10.6,118.42
Tokyo,Mid-latitude,2002-04-01,14.6,62.4
Tokyo,Mid-latitude,2002-05-01,17.93,86.49
Tokyo,Mid-latitude,2002-06-01,21.28,227.7
Tokyo,Mid-latitude,2002-07-01,26.49,159.34
Tokyo,Mid-latitude,2002-08-01,26.66,130.82
Tokyo,Mid-latitude,2002-09-01,22.74,267.0
Tokyo,Mid-latitude,2002-10-01,17.7,189.41
Tokyo,Mid-latitude,2002-11-01,10.16,43.2
Tokyo,Mid-latitude,2002-12-01,6.41,132.06
Tokyo,Mid-latitude,2003-01-01,4.25,132.99
Tokyo,Mid-latitude,2003-02-01,4.93,71.4
Tokyo,Mid-latitude,2003-03-01,7.61,144.46
Tokyo,Mid-latitude,2003-04-01,14.08,152.1
Tokyo,Mid-latitude,2003-05-01,17.73,140.12
Tokyo,Mid-latitude,2003-06-01,22.41,85.8
Tokyo,Mid-latitude,2003-07-01,22.89,226.61
Tokyo,Mid-latitude,2003-08-01,25.43,314.03
Tokyo,Mid-latitude,2003-09-01,23.31,150.9
Tokyo,Mid-latitude,2003-10-01,16.89,144.77
Tokyo,Mid-latitude,2003-11-01,14.58,302.4
Tokyo,Mid-latitude,2003-12-01,7.65,63.86
Tokyo,Mid-latitude,2004-01-01,4.29,19.22
Tokyo,Mid-latitude,2004-02-01,6.85,33.35
Tokyo,Mid-latitude,2004-03-01,8.47,146.63
Tokyo,Mid-latitude,2004-04-01,14.43,80.7
Tokyo,Mid-latitude,2004-05-01,19.18,164.92
Tokyo,Mid-latitude,2004-06-01,22.55,178.5
Tokyo,Mid-latitude,2004-07-01,26.75,44.95
Tokyo,Mid-latitude,2004-08-01,26.53,142.6
Tokyo,Mid-latitude,2004-09-01,24.34,189.6
Tokyo,Mid-latitude,2004-10-01,17.71,580.32
Tokyo,Mid-latitude,2004-11-01,14.52,131.4
Tokyo,Mid-latitude,2004-12-01,8.31,97.03
Tokyo,Mid-latitude,2005-01-01,4.94,120.9
Tokyo,Mid-latitude,2005-02-01,4.84,74.76
Tokyo,Mid-latitude,2005-03-01,8.08,106.95
Tokyo,Mid-latitude,2005-04-01,13.63,102.6
Tokyo,Mid-latitude,2005-05-01,16.62,128.03
Tokyo,Mid-latitude,2005-06-01,22.01,190.2
Tokyo,Mid-latitude,2005-07-01,24.87,208.01
Tokyo,Mid-latitude,2005-08-01,26.65,225.99
Tokyo,Mid-latitude,2005-09-01,23.75,124.2
Tokyo,Mid-latitude,2005-10-01,18.57,169.88
Tokyo,Mid-latitude,2005-11-01,12.0,56.4
Tokyo,Mid-latitude,2005-12-01,4.64,8.37
Tokyo,Mid-latitude,2006-01-01,3.69,105.4
Tokyo,Mid-latitude,2006-02-01,6.09,132.72
Tokyo,Mid-latitude,2006-03-01,8.57,102.92
Tokyo,Mid-latitude,2006-04-01,12.37,135.3
Tokyo,Mid-latitude,2006-05-01,17.96,137.95
Tokyo,Mid-latitude,2006-06-01,21.64,147.6
Tokyo,Mid-latitude,2006-07-01,25.12,207.39
Tokyo,Mid-latitude,2006-08-01,26.28,160.58
Tokyo,Mid-latitude,2006-09-01,22.98,188.1
Tokyo,Mid-latitude,2006-10-01,18.39,310.62
Tokyo,Mid-latitude,2006-11-01,13.23,155.7
Tokyo,Mid-latitude,2006-12-01,7.87,192.2
Tokyo,Mid-latitude,2007-01-01,5.88,68.82
Tokyo,Mid-latitude,2007-02-01,7.03,75.6
Tokyo,Mid-latitude,2007-03-01,8.95,75.95
Tokyo,Mid-latitude,2007-04-01,12.73,135.3
Tokyo,Mid-latitude,2007-05-01,17.84,171.74
Tokyo,Mid-latitude,2007-06-01,21.79,99.9
Tokyo,Mid-latitude,2007-07-01,23.99,323.33
Tokyo,Mid-latitude,2007-08-01,27.32,22.01
Tokyo,Mid-latitude,2007-09-01,24.25,243.0
Tokyo,Mid-latitude,2007-10-01,17.98,183.21
Tokyo,Mid-latitude,2007-11-01,12.32,53.1
Tokyo,Mid-latitude,2007-12-01,8.19,88.35
Tokyo,Mid-latitude,2008-01-01,4.61,39.68
Tokyo,Mid-latitude,2008-02-01,4.12,71.63
Tokyo,Mid-latitude,2008-03-01,9.32,131.75
Tokyo,Mid-latitude,2008-04-01,13.37,235.2
Tokyo,Mid-latitude,2008-05-01,17.44,250.48
Tokyo,Mid-latitude,2008-06-01,20.41,284.4
Tokyo,Mid-latitude,2008-07-01,25.67,36.58
Tokyo,Mid-latitude,2008-08-01,26.49,182.28
Tokyo,Mid-latitude,2008-09-01,23.32,228.9
Tokyo,Mid-latitude,2008-10-01,18.33,180.73
Tokyo,Mid-latitude,2008-11-01,12.12,90.3
Tokyo,Mid-latitude,2008-12-01,8.64,93.93
Tokyo,Mid-latitude,2009-01-01,5.42,139.5
Tokyo,Mid-latitude,2009-02-01,6.53,60.76
Tokyo,Mid-latitude,2009-03-01,8.47,124.62
Tokyo,Mid-latitude,2009-04-01,14.01,141.9
Tokyo,Mid-latitude,2009-05-01,18.67,190.65
Tokyo,Mid-latitude,2009-06-01,21.58,214.8
Tokyo,Mid-latitude,2009-07-01,25.22,106.95
Tokyo,Mid-latitude,2009-08-01,25.41,243.04
Tokyo,Mid-latitude,2009-09-01,21.76,52.8
Tokyo,Mid-latitude,2009-10-01,17.84,260.4
Tokyo,Mid-latitude,2009-11-01,12.62,198.6
Tokyo,Mid-latitude,2009-12-01,7.64,120.59
Tokyo,Mid-latitude,2010-01-01,5.12,21.39
Tokyo,Mid-latitude,2010-02-01,5.59,142.52
Tokyo,Mid-latitude,2010-03-01,8.52,186.93
Tokyo,Mid-latitude,2010-04-01,11.75,234.3
Tokyo,Mid-latitude,2010-05-01,17.39,115.63
Tokyo,Mid-latitude,2010-06-01,22.13,157.5
Tokyo,Mid-latitude,2010-07-01,26.71,128.03
Tokyo,Mid-latitude,2010-08-01,27.96,32.86
Tokyo,Mid-latitude,2010-09-01,24.69,348.0
Tokyo,Mid-latitude,2010-10-01,18.52,253.58
Tokyo,Mid-latitude,2010-11-01,12.51,121.5
Tokyo,Mid-latitude,2010-12-01,8.37,130.82
Tokyo,Mid-latitude,2011-01-01,3.09,4.03
Tokyo,Mid-latitude,2011-02-01,5.97,134.96
Tokyo,Mid-latitude,2011-03-01,6.58,81.53
Tokyo,Mid-latitude,2011-04-01,12.78,94.8
Tokyo,Mid-latitude,2011-05-01,17.5,228.16
Tokyo,Mid-latitude,2011-06-01,21.81,148.2
Tokyo,Mid-latitude,2011-07-01,25.85,106.64
Tokyo,Mid-latitude,2011-08-01,26.9,130.51
Tokyo,Mid-latitude,2011-09-01,24.38,194.1
Tokyo,Mid-latitude,2011-10-01,18.21,190.96
Tokyo,Mid-latitude,2011-11-01,13.73,114.3
Tokyo,Mid-latitude,2011-12-01,6.03,68.82
Tokyo,Mid-latitude,2012-01-01,3.38,59.52
Tokyo,Mid-latitude,2012-02-01,4.31,131.95
Tokyo,Mid-latitude,2012-03-01,7.86,170.19
Tokyo,Mid-latitude,2012-04-01,12.89,139.8
Tokyo,Mid-latitude,2012-05-01,18.06,195.3
Tokyo,Mid-latitude,2012-06-01,20.35,207.9
Tokyo,Mid-latitude,2012-07-01,25.16,117.8
Tokyo,Mid-latitude,2012-08-01,27.35,43.71
Tokyo,Mid-latitude,2012-09-01,24.95,210.6
Tokyo,Mid-latitude,2012-10-01,18.08,237.46
Tokyo,Mid-latitude,2012-11-01,11.57,158.4
Tokyo,Mid-latitude,2012-12-01,5.99,94.86
Tokyo,Mid-latitude,2013-01-01,3.62,75.33
Tokyo,Mid-latitude,2013-02-01,4.51,78.12
Tokyo,Mid-latitude,2013-03-01,10.2,61.07
Tokyo,Mid-latitude,2013-04-01,13.24,198.6
Tokyo,Mid-latitude,2013-05-01,17.65,87.11
Tokyo,Mid-latitude,2013-06-01,21.58,196.2
Tokyo,Mid-latitude,2013-07-01,25.92,75.95
Tokyo,Mid-latitude,2013-08-01,27.94,45.88
Tokyo,Mid-latitude,2013-09-01,24.17,111.6
Tokyo,Mid-latitude,2013-10-01,19.43,181.97
Tokyo,Mid-latitude,2013-11-01,12.08,36.0
Tokyo,Mid-latitude,2013-12-01,6.84,39.68
Tokyo,Mid-latitude,2014-01-01,4.83,38.75
Tokyo,Mid-latitude,2014-02-01,4.79,109.76
Tokyo,Mid-latitude,2014-03-01,8.94,38.44
Tokyo,Mid-latitude,2014-04-01,13.23,99.9
Tokyo,Mid-latitude,2014-05-01,18.48,142.29
Tokyo,Mid-latitude,2014-06-01,22.18,283.2
Tokyo,Mid-latitude,2014-07-01,25.58,91.45
Tokyo,Mid-latitude,2014-08-01,26.68,109.74
Tokyo,Mid-latitude,2014-09-01,22.13,120.6
Tokyo,Mid-latitude,2014-10-01,17.91,319.92
Tokyo,Mid-latitude,2014-11-01,13.2,90.0
Tokyo,Mid-latitude,2014-12-01,6.3,109.43
Tokyo,Mid-latitude,2015-01-01,4.8,117.18
Tokyo,Mid-latitude,2015-02-01,5.07,62.44
Tokyo,Mid-latitude,2015-03-01,9.08,111.29
Tokyo,Mid-latitude,2015-04-01,13.7,150.3
Tokyo,Mid-latitude,2015-05-01,19.28,82.46
Tokyo,Mid-latitude,2015-06-01,21.35,174.0
Tokyo,Mid-latitude,2015-07-01,25.5,277.14
Tokyo,Mid-latitude,2015-08-01,26.44,121.83
Tokyo,Mid-latitude,2015-09-01,22.68,401.7
Tokyo,Mid-latitude,2015-10-01,17.49,59.83
Tokyo,Mid-latitude,2015-11-01,13.91,173.1
Tokyo,Mid-latitude,2015-12-01,8.75,87.11
Tokyo,Mid-latitude,2016-01-01,5.32,83.7
Tokyo,Mid-latitude,2016-02-01,6.48,65.54
Tokyo,Mid-latitude,2016-03-01,9.22,129.27
Tokyo,Mid-latitude,2016-04-01,14.79,133.2
Tokyo,Mid-latitude,2016-05-01,18.84,129.58
Tokyo,Mid-latitude,2016-06-01,21.81,190.2
Tokyo,Mid-latitude,2016-07-01,25.29,106.64
Tokyo,Mid-latitude,2016-08-01,26.81,291.09
Tokyo,Mid-latitude,2016-09-01,24.58,285.3
Tokyo,Mid-latitude,2016-10-01,18.61,111.91
Tokyo,Mid-latitude,2016-11-01,11.46,161.7
Tokyo,Mid-latitude,2016-12-01,8.37,87.42
Tokyo,Mid-latitude,2017-01-01,5.05,39.99
Tokyo,Mid-latitude,2017-02-01,5.62,29.12
Tokyo,Mid-latitude,2017-03-01,7.33,110.05
Tokyo,Mid-latitude,2017-04-01,13.43,147.0
Tokyo,Mid-latitude,2017-05-01,18.82,89.9
Tokyo,Mid-latitude,2017-06-01,21.33,129.9
Tokyo,Mid-latitude,2017-07-01,26.77,88.97
Tokyo,Mid-latitude,2017-08-01,26.81,141.05
Tokyo,Mid-latitude,2017-09-01,23.05,198.3
Tokyo,Mid-latitude,2017-10-01,17.41,479.26
Tokyo,Mid-latitude,2017-11-01,12.07,93.3
Tokyo,Mid-latitude,2017-12-01,6.18,24.49
Tokyo,Mid-latitude,2018-01-01,4.28,78.43
Tokyo,Mid-latitude,2018-02-01,4.43,23.24
Tokyo,Mid-latitude,2018-03-01,10.5,218.24
Tokyo,Mid-latitude,2018-04-01,15.77,84.9
Tokyo,Mid-latitude,2018-05-01,18.86,165.54
Tokyo,Mid-latitude,2018-06-01,22.18,181.5
Tokyo,Mid-latitude,2018-07-01,27.45,124.93
Tokyo,Mid-latitude,2018-08-01,27.52,97.34
Tokyo,Mid-latitude,2018-09-01,23.51,330.0
Tokyo,Mid-latitude,2018-10-01,18.68,77.5
Tokyo,Mid-latitude,2018-11-01,13.73,80.4
Tokyo,Mid-latitude,2018-12-01,7.85,65.72
Tokyo,Mid-latitude,2019-01-01,4.51,18.6
Tokyo,Mid-latitude,2019-02-01,6.54,70.0
Tokyo,Mid-latitude,2019-03-01,9.58,118.73
Tokyo,Mid-latitude,2019-04-01,12.77,127.8
Tokyo,Mid-latitude,2019-05-01,18.83,152.83
Tokyo,Mid-latitude,2019-06-01,21.71,241.2
Tokyo,Mid-latitude,2019-07-01,24.22,242.11
Tokyo,Mid-latitude,2019-08-01,27.75,92.07
Tokyo,Mid-latitude,2019-09-01,24.67,191.1
Tokyo,Mid-latitude,2019-10-01,19.63,443.3
Tokyo,Mid-latitude,2019-11-01,13.08,162.6
Tokyo,Mid-latitude,2019-12-01,8.62,80.91
Tokyo,Mid-latitude,2020-01-01,6.73,138.88
Tokyo,Mid-latitude,2020-02-01,7.46,40.02
Tokyo,Mid-latitude,2020-03-01,9.93,158.41
Tokyo,Mid-latitude,2020-04-01,12.35,191.7
Tokyo,Mid-latitude,2020-05-01,18.95,137.33
Tokyo,Mid-latitude,2020-06-01,22.95,224.4
Tokyo,Mid-latitude,2020-07-01,24.72,346.89
Tokyo,Mid-latitude,2020-08-01,27.95,33.79
Tokyo,Mid-latitude,2020-09-01,24.53,186.0
Tokyo,Mid-latitude,2020-10-01,17.23,230.64
Tokyo,Mid-latitude,2020-11-01,13.59,29.1
Tokyo,Mid-latitude,2020-12-01,7.26,23.56
